,quote_date,underlying_price,option_type,underlying_symbol,strike,underlying_main_sign,underlying_sub_sign,option_symbol,Product,bid,level_type
0,2022-12-26,3988.0,CALL,XSGE.RB2310,3900.0,0,1,SHFE.rb2310C3900,RB,333.0,ITM_0
1,2022-12-26,3988.0,CALL,XSGE.RB2310,4000.0,0,1,SHFE.rb2310C4000,RB,286.0,OTM_0
2,2022-12-26,3988.0,CALL,XSGE.RB2310,3950.0,0,1,SHFE.rb2310C3950,RB,292.5,ATM_0
3,2022-12-26,3988.0,CALL,XSGE.RB2310,3850.0,0,1,SHFE.rb2310C3850,RB,358.0,ITM_1
4,2022-12-26,3988.0,CALL,XSGE.RB2310,4050.0,0,1,SHFE.rb2310C4050,RB,275.0,OTM_1
5,2022-12-26,3988.0,CALL,XSGE.RB2310,3800.0,0,1,SHFE.rb2310C3800,RB,385.0,ITM_2
6,2022-12-26,3988.0,CALL,XSGE.RB2310,4100.0,0,1,SHFE.rb2310C4100,RB,244.5,OTM_2
7,2022-12-26,3988.0,PUT,XSGE.RB2310,4000.0,0,1,SHFE.rb2310P4000,RB,317.0,ITM_0
8,2022-12-26,3988.0,PUT,XSGE.RB2310,3900.0,0,1,SHFE.rb2310P3900,RB,264.5,OTM_0
9,2022-12-26,3988.0,PUT,XSGE.RB2310,3950.0,0,1,SHFE.rb2310P3950,RB,290.0,ATM_0
10,2022-12-26,3988.0,PUT,XSGE.RB2310,4050.0,0,1,SHFE.rb2310P4050,RB,345.0,ITM_1
11,2022-12-26,3988.0,PUT,XSGE.RB2310,3850.0,0,1,SHFE.rb2310P3850,RB,240.0,OTM_1
12,2022-12-26,3988.0,PUT,XSGE.RB2310,4100.0,0,1,SHFE.rb2310P4100,RB,374.5,ITM_2
13,2022-12-26,3988.0,PUT,XSGE.RB2310,3800.0,0,1,SHFE.rb2310P3800,RB,217.5,OTM_2
14,2022-12-27,4046.0,CALL,XSGE.RB2310,4000.0,0,1,SHFE.rb2310C4000,RB,297.0,ITM_0
15,2022-12-27,4046.0,CALL,XSGE.RB2310,4100.0,0,1,SHFE.rb2310C4100,RB,260.0,OTM_0
16,2022-12-27,4046.0,CALL,XSGE.RB2310,4050.0,0,1,SHFE.rb2310C4050,RB,300.0,ATM_0
17,2022-12-27,4046.0,CALL,XSGE.RB2310,3950.0,0,1,SHFE.rb2310C3950,RB,319.0,ITM_1
18,2022-12-27,4046.0,CALL,XSGE.RB2310,4150.0,0,1,SHFE.rb2310C4150,RB,236.5,OTM_1
19,2022-12-27,4046.0,CALL,XSGE.RB2310,3900.0,0,1,SHFE.rb2310C3900,RB,342.0,ITM_2
20,2022-12-27,4046.0,CALL,XSGE.RB2310,4200.0,0,1,SHFE.rb2310C4200,RB,219.0,OTM_2
21,2022-12-27,4046.0,PUT,XSGE.RB2310,4100.0,0,1,SHFE.rb2310P4100,RB,361.5,ITM_0
22,2022-12-27,4046.0,PUT,XSGE.RB2310,4000.0,0,1,SHFE.rb2310P4000,RB,275.0,OTM_0
23,2022-12-27,4046.0,PUT,XSGE.RB2310,4050.0,0,1,SHFE.rb2310P4050,RB,303.0,ATM_0
24,2022-12-27,4046.0,PUT,XSGE.RB2310,4150.0,0,1,SHFE.rb2310P4150,RB,392.5,ITM_1
25,2022-12-27,4046.0,PUT,XSGE.RB2310,3950.0,0,1,SHFE.rb2310P3950,RB,253.5,OTM_1
26,2022-12-27,4046.0,PUT,XSGE.RB2310,4200.0,0,1,SHFE.rb2310P4200,RB,423.5,ITM_2
27,2022-12-27,4046.0,PUT,XSGE.RB2310,3900.0,0,1,SHFE.rb2310P3900,RB,232.5,OTM_2
28,2022-12-28,4032.0,CALL,XSGE.RB2310,4000.0,0,1,SHFE.rb2310C4000,RB,317.5,ITM_0
29,2022-12-28,4032.0,CALL,XSGE.RB2310,4100.0,0,1,SHFE.rb2310C4100,RB,273.0,OTM_0
30,2022-12-28,4032.0,CALL,XSGE.RB2310,4050.0,0,1,SHFE.rb2310C4050,RB,291.0,ATM_0
31,2022-12-28,4032.0,CALL,XSGE.RB2310,3950.0,0,1,SHFE.rb2310C3950,RB,334.0,ITM_1
32,2022-12-28,4032.0,CALL,XSGE.RB2310,4150.0,0,1,SHFE.rb2310C4150,RB,253.5,OTM_1
33,2022-12-28,4032.0,CALL,XSGE.RB2310,3900.0,0,1,SHFE.rb2310C3900,RB,364.0,ITM_2
34,2022-12-28,4032.0,CALL,XSGE.RB2310,4200.0,0,1,SHFE.rb2310C4200,RB,240.0,OTM_2
35,2022-12-28,4032.0,PUT,XSGE.RB2310,4100.0,0,1,SHFE.rb2310P4100,RB,333.0,ITM_0
36,2022-12-28,4032.0,PUT,XSGE.RB2310,4000.0,0,1,SHFE.rb2310P4000,RB,280.0,OTM_0
37,2022-12-28,4032.0,PUT,XSGE.RB2310,4050.0,0,1,SHFE.rb2310P4050,RB,305.5,ATM_0
38,2022-12-28,4032.0,PUT,XSGE.RB2310,4150.0,0,1,SHFE.rb2310P4150,RB,374.0,ITM_1
39,2022-12-28,4032.0,PUT,XSGE.RB2310,3950.0,0,1,SHFE.rb2310P3950,RB,256.0,OTM_1
40,2022-12-28,4032.0,PUT,XSGE.RB2310,4200.0,0,1,SHFE.rb2310P4200,RB,393.5,ITM_2
41,2022-12-28,4032.0,PUT,XSGE.RB2310,3900.0,0,1,SHFE.rb2310P3900,RB,236.5,OTM_2
42,2022-12-29,4029.0,CALL,XSGE.RB2310,3950.0,0,1,SHFE.rb2310C3950,RB,333.5,ITM_0
43,2022-12-29,4029.0,CALL,XSGE.RB2310,4050.0,0,1,SHFE.rb2310C4050,RB,294.0,OTM_0
44,2022-12-29,4029.0,CALL,XSGE.RB2310,4000.0,0,1,SHFE.rb2310C4000,RB,299.5,ATM_0
45,2022-12-29,4029.0,CALL,XSGE.RB2310,3900.0,0,1,SHFE.rb2310C3900,RB,360.5,ITM_1
46,2022-12-29,4029.0,CALL,XSGE.RB2310,4100.0,0,1,SHFE.rb2310C4100,RB,268.0,OTM_1
47,2022-12-29,4029.0,CALL,XSGE.RB2310,3850.0,0,1,SHFE.rb2310C3850,RB,391.5,ITM_2
48,2022-12-29,4029.0,CALL,XSGE.RB2310,4150.0,0,1,SHFE.rb2310C4150,RB,247.5,OTM_2
49,2022-12-29,4029.0,PUT,XSGE.RB2310,4050.0,0,1,SHFE.rb2310P4050,RB,310.5,ITM_0
50,2022-12-29,4029.0,PUT,XSGE.RB2310,3950.0,0,1,SHFE.rb2310P3950,RB,260.0,OTM_0
51,2022-12-29,4029.0,PUT,XSGE.RB2310,4000.0,0,1,SHFE.rb2310P4000,RB,284.5,ATM_0
52,2022-12-29,4029.0,PUT,XSGE.RB2310,4100.0,0,1,SHFE.rb2310P4100,RB,338.0,ITM_1
53,2022-12-29,4029.0,PUT,XSGE.RB2310,3900.0,0,1,SHFE.rb2310P3900,RB,237.0,OTM_1
54,2022-12-29,4029.0,PUT,XSGE.RB2310,4150.0,0,1,SHFE.rb2310P4150,RB,366.5,ITM_2
55,2022-12-29,4029.0,PUT,XSGE.RB2310,3850.0,0,1,SHFE.rb2310P3850,RB,214.5,OTM_2
56,2022-12-30,4085.0,CALL,XSGE.RB2310,4050.0,0,1,SHFE.rb2310C4050,RB,339.0,ITM_0
57,2022-12-30,4085.0,CALL,XSGE.RB2310,4150.0,0,1,SHFE.rb2310C4150,RB,280.5,OTM_0
58,2022-12-30,4085.0,CALL,XSGE.RB2310,4100.0,0,1,SHFE.rb2310C4100,RB,309.0,ATM_0
59,2022-12-30,4085.0,CALL,XSGE.RB2310,4000.0,0,1,SHFE.rb2310C4000,RB,321.0,ITM_1
60,2022-12-30,4085.0,CALL,XSGE.RB2310,4200.0,0,1,SHFE.rb2310C4200,RB,269.5,OTM_1
61,2022-12-30,4085.0,CALL,XSGE.RB2310,3950.0,0,1,SHFE.rb2310C3950,RB,365.5,ITM_2
62,2022-12-30,4085.0,CALL,XSGE.RB2310,4250.0,0,1,SHFE.rb2310C4250,RB,249.5,OTM_2
63,2022-12-30,4085.0,PUT,XSGE.RB2310,4150.0,0,1,SHFE.rb2310P4150,RB,360.0,ITM_0
64,2022-12-30,4085.0,PUT,XSGE.RB2310,4050.0,0,1,SHFE.rb2310P4050,RB,300.5,OTM_0
65,2022-12-30,4085.0,PUT,XSGE.RB2310,4100.0,0,1,SHFE.rb2310P4100,RB,322.0,ATM_0
66,2022-12-30,4085.0,PUT,XSGE.RB2310,4200.0,0,1,SHFE.rb2310P4200,RB,384.0,ITM_1
67,2022-12-30,4085.0,PUT,XSGE.RB2310,4000.0,0,1,SHFE.rb2310P4000,RB,271.0,OTM_1
68,2022-12-30,4085.0,PUT,XSGE.RB2310,4250.0,0,1,SHFE.rb2310P4250,RB,404.5,ITM_2
69,2022-12-30,4085.0,PUT,XSGE.RB2310,3950.0,0,1,SHFE.rb2310P3950,RB,248.5,OTM_2
70,2023-01-03,4040.0,CALL,XSGE.RB2310,4000.0,0,1,SHFE.rb2310C4000,RB,329.0,ITM_0
71,2023-01-03,4040.0,CALL,XSGE.RB2310,4100.0,0,1,SHFE.rb2310C4100,RB,276.0,OTM_0
72,2023-01-03,4040.0,CALL,XSGE.RB2310,4050.0,0,1,SHFE.rb2310C4050,RB,304.0,ATM_0
73,2023-01-03,4040.0,CALL,XSGE.RB2310,3950.0,0,1,SHFE.rb2310C3950,RB,345.5,ITM_1
74,2023-01-03,4040.0,CALL,XSGE.RB2310,4150.0,0,1,SHFE.rb2310C4150,RB,263.0,OTM_1
75,2023-01-03,4040.0,CALL,XSGE.RB2310,3900.0,0,1,SHFE.rb2310C3900,RB,372.5,ITM_2
76,2023-01-03,4040.0,CALL,XSGE.RB2310,4200.0,0,1,SHFE.rb2310C4200,RB,240.0,OTM_2
77,2023-01-03,4040.0,PUT,XSGE.RB2310,4100.0,0,1,SHFE.rb2310P4100,RB,353.5,ITM_0
78,2023-01-03,4040.0,PUT,XSGE.RB2310,4000.0,0,1,SHFE.rb2310P4000,RB,290.0,OTM_0
79,2023-01-03,4040.0,PUT,XSGE.RB2310,4050.0,0,1,SHFE.rb2310P4050,RB,323.0,ATM_0
80,2023-01-03,4040.0,PUT,XSGE.RB2310,4150.0,0,1,SHFE.rb2310P4150,RB,372.0,ITM_1
81,2023-01-03,4040.0,PUT,XSGE.RB2310,3950.0,0,1,SHFE.rb2310P3950,RB,266.0,OTM_1
82,2023-01-03,4040.0,PUT,XSGE.RB2310,4200.0,0,1,SHFE.rb2310P4200,RB,392.0,ITM_2
83,2023-01-03,4040.0,PUT,XSGE.RB2310,3900.0,0,1,SHFE.rb2310P3900,RB,242.0,OTM_2
84,2023-01-04,3999.0,CALL,XSGE.RB2310,3950.0,0,1,SHFE.rb2310C3950,RB,341.0,ITM_0
85,2023-01-04,3999.0,CALL,XSGE.RB2310,4050.0,0,1,SHFE.rb2310C4050,RB,277.5,OTM_0
86,2023-01-04,3999.0,CALL,XSGE.RB2310,4000.0,0,1,SHFE.rb2310C4000,RB,314.0,ATM_0
87,2023-01-04,3999.0,CALL,XSGE.RB2310,3900.0,0,1,SHFE.rb2310C3900,RB,365.5,ITM_1
88,2023-01-04,3999.0,CALL,XSGE.RB2310,4100.0,0,1,SHFE.rb2310C4100,RB,273.0,OTM_1
89,2023-01-04,3999.0,CALL,XSGE.RB2310,3850.0,0,1,SHFE.rb2310C3850,RB,392.5,ITM_2
90,2023-01-04,3999.0,CALL,XSGE.RB2310,4150.0,0,1,SHFE.rb2310C4150,RB,252.5,OTM_2
91,2023-01-04,3999.0,PUT,XSGE.RB2310,4050.0,0,1,SHFE.rb2310P4050,RB,332.0,ITM_0
92,2023-01-04,3999.0,PUT,XSGE.RB2310,3950.0,0,1,SHFE.rb2310P3950,RB,276.5,OTM_0
93,2023-01-04,3999.0,PUT,XSGE.RB2310,4000.0,0,1,SHFE.rb2310P4000,RB,307.5,ATM_0
94,2023-01-04,3999.0,PUT,XSGE.RB2310,4100.0,0,1,SHFE.rb2310P4100,RB,357.5,ITM_1
95,2023-01-04,3999.0,PUT,XSGE.RB2310,3900.0,0,1,SHFE.rb2310P3900,RB,255.5,OTM_1
96,2023-01-04,3999.0,PUT,XSGE.RB2310,4150.0,0,1,SHFE.rb2310P4150,RB,389.0,ITM_2
97,2023-01-04,3999.0,PUT,XSGE.RB2310,3850.0,0,1,SHFE.rb2310P3850,RB,229.0,OTM_2
98,2023-01-05,3968.0,CALL,XSGE.RB2310,3900.0,0,1,SHFE.rb2310C3900,RB,335.0,ITM_0
99,2023-01-05,3968.0,CALL,XSGE.RB2310,4000.0,0,1,SHFE.rb2310C4000,RB,288.0,OTM_0
100,2023-01-05,3968.0,CALL,XSGE.RB2310,3950.0,0,1,SHFE.rb2310C3950,RB,293.5,ATM_0
101,2023-01-05,3968.0,CALL,XSGE.RB2310,3850.0,0,1,SHFE.rb2310C3850,RB,360.0,ITM_1
102,2023-01-05,3968.0,CALL,XSGE.RB2310,4050.0,0,1,SHFE.rb2310C4050,RB,266.0,OTM_1
103,2023-01-05,3968.0,CALL,XSGE.RB2310,3800.0,0,1,SHFE.rb2310C3800,RB,386.5,ITM_2
104,2023-01-05,3968.0,CALL,XSGE.RB2310,4100.0,0,1,SHFE.rb2310C4100,RB,243.0,OTM_2
105,2023-01-05,3968.0,PUT,XSGE.RB2310,4000.0,0,1,SHFE.rb2310P4000,RB,321.0,ITM_0
106,2023-01-05,3968.0,PUT,XSGE.RB2310,3900.0,0,1,SHFE.rb2310P3900,RB,271.0,OTM_0
107,2023-01-05,3968.0,PUT,XSGE.RB2310,3950.0,0,1,SHFE.rb2310P3950,RB,298.0,ATM_0
108,2023-01-05,3968.0,PUT,XSGE.RB2310,4050.0,0,1,SHFE.rb2310P4050,RB,351.5,ITM_1
109,2023-01-05,3968.0,PUT,XSGE.RB2310,3850.0,0,1,SHFE.rb2310P3850,RB,241.0,OTM_1
110,2023-01-05,3968.0,PUT,XSGE.RB2310,4100.0,0,1,SHFE.rb2310P4100,RB,379.5,ITM_2
111,2023-01-05,3968.0,PUT,XSGE.RB2310,3800.0,0,1,SHFE.rb2310P3800,RB,219.5,OTM_2
112,2023-01-06,4057.0,CALL,XSGE.RB2310,4000.0,0,1,SHFE.rb2310C4000,RB,332.5,ITM_0
113,2023-01-06,4057.0,CALL,XSGE.RB2310,4100.0,0,1,SHFE.rb2310C4100,RB,286.0,OTM_0
114,2023-01-06,4057.0,CALL,XSGE.RB2310,4050.0,0,1,SHFE.rb2310C4050,RB,309.0,ATM_0
115,2023-01-06,4057.0,CALL,XSGE.RB2310,3950.0,0,1,SHFE.rb2310C3950,RB,358.0,ITM_1
116,2023-01-06,4057.0,CALL,XSGE.RB2310,4150.0,0,1,SHFE.rb2310C4150,RB,269.5,OTM_1
117,2023-01-06,4057.0,CALL,XSGE.RB2310,3900.0,0,1,SHFE.rb2310C3900,RB,384.5,ITM_2
118,2023-01-06,4057.0,CALL,XSGE.RB2310,4200.0,0,1,SHFE.rb2310C4200,RB,245.0,OTM_2
119,2023-01-06,4057.0,PUT,XSGE.RB2310,4100.0,0,1,SHFE.rb2310P4100,RB,334.0,ITM_0
120,2023-01-06,4057.0,PUT,XSGE.RB2310,4000.0,0,1,SHFE.rb2310P4000,RB,290.5,OTM_0
121,2023-01-06,4057.0,PUT,XSGE.RB2310,4050.0,0,1,SHFE.rb2310P4050,RB,307.0,ATM_0
122,2023-01-06,4057.0,PUT,XSGE.RB2310,4150.0,0,1,SHFE.rb2310P4150,RB,359.5,ITM_1
123,2023-01-06,4057.0,PUT,XSGE.RB2310,3950.0,0,1,SHFE.rb2310P3950,RB,280.5,OTM_1
124,2023-01-06,4057.0,PUT,XSGE.RB2310,4200.0,0,1,SHFE.rb2310P4200,RB,395.5,ITM_2
125,2023-01-06,4057.0,PUT,XSGE.RB2310,3900.0,0,1,SHFE.rb2310P3900,RB,243.5,OTM_2
126,2023-01-09,4039.0,CALL,XSGE.RB2310,4000.0,0,1,SHFE.rb2310C4000,RB,318.5,ITM_0
127,2023-01-09,4039.0,CALL,XSGE.RB2310,4100.0,0,1,SHFE.rb2310C4100,RB,281.5,OTM_0
128,2023-01-09,4039.0,CALL,XSGE.RB2310,4050.0,0,1,SHFE.rb2310C4050,RB,306.5,ATM_0
129,2023-01-09,4039.0,CALL,XSGE.RB2310,3950.0,0,1,SHFE.rb2310C3950,RB,344.0,ITM_1
130,2023-01-09,4039.0,CALL,XSGE.RB2310,4150.0,0,1,SHFE.rb2310C4150,RB,257.0,OTM_1
131,2023-01-09,4039.0,CALL,XSGE.RB2310,3900.0,0,1,SHFE.rb2310C3900,RB,373.5,ITM_2
132,2023-01-09,4039.0,CALL,XSGE.RB2310,4200.0,0,1,SHFE.rb2310C4200,RB,237.0,OTM_2
133,2023-01-09,4039.0,PUT,XSGE.RB2310,4100.0,0,1,SHFE.rb2310P4100,RB,349.0,ITM_0
134,2023-01-09,4039.0,PUT,XSGE.RB2310,4000.0,0,1,SHFE.rb2310P4000,RB,287.0,OTM_0
135,2023-01-09,4039.0,PUT,XSGE.RB2310,4050.0,0,1,SHFE.rb2310P4050,RB,312.5,ATM_0
136,2023-01-09,4039.0,PUT,XSGE.RB2310,4150.0,0,1,SHFE.rb2310P4150,RB,371.5,ITM_1
137,2023-01-09,4039.0,PUT,XSGE.RB2310,3950.0,0,1,SHFE.rb2310P3950,RB,270.5,OTM_1
138,2023-01-09,4039.0,PUT,XSGE.RB2310,4200.0,0,1,SHFE.rb2310P4200,RB,398.5,ITM_2
139,2023-01-09,4039.0,PUT,XSGE.RB2310,3900.0,0,1,SHFE.rb2310P3900,RB,240.0,OTM_2
140,2023-01-10,4067.0,CALL,XSGE.RB2310,4000.0,0,1,SHFE.rb2310C4000,RB,329.5,ITM_0
141,2023-01-10,4067.0,CALL,XSGE.RB2310,4100.0,0,1,SHFE.rb2310C4100,RB,280.5,OTM_0
142,2023-01-10,4067.0,CALL,XSGE.RB2310,4050.0,0,1,SHFE.rb2310C4050,RB,302.5,ATM_0
143,2023-01-10,4067.0,CALL,XSGE.RB2310,3950.0,0,1,SHFE.rb2310C3950,RB,357.5,ITM_1
144,2023-01-10,4067.0,CALL,XSGE.RB2310,4150.0,0,1,SHFE.rb2310C4150,RB,257.0,OTM_1
145,2023-01-10,4067.0,CALL,XSGE.RB2310,3900.0,0,1,SHFE.rb2310C3900,RB,378.5,ITM_2
146,2023-01-10,4067.0,CALL,XSGE.RB2310,4200.0,0,1,SHFE.rb2310C4200,RB,243.0,OTM_2
147,2023-01-10,4067.0,PUT,XSGE.RB2310,4100.0,0,1,SHFE.rb2310P4100,RB,331.5,ITM_0
148,2023-01-10,4067.0,PUT,XSGE.RB2310,4000.0,0,1,SHFE.rb2310P4000,RB,279.5,OTM_0
149,2023-01-10,4067.0,PUT,XSGE.RB2310,4050.0,0,1,SHFE.rb2310P4050,RB,307.0,ATM_0
150,2023-01-10,4067.0,PUT,XSGE.RB2310,4150.0,0,1,SHFE.rb2310P4150,RB,362.5,ITM_1
151,2023-01-10,4067.0,PUT,XSGE.RB2310,3950.0,0,1,SHFE.rb2310P3950,RB,257.0,OTM_1
152,2023-01-10,4067.0,PUT,XSGE.RB2310,4200.0,0,1,SHFE.rb2310P4200,RB,391.0,ITM_2
153,2023-01-10,4067.0,PUT,XSGE.RB2310,3900.0,0,1,SHFE.rb2310P3900,RB,235.0,OTM_2
154,2023-01-11,4110.0,CALL,XSGE.RB2310,4050.0,0,1,SHFE.rb2310C4050,RB,321.0,ITM_0
155,2023-01-11,4110.0,CALL,XSGE.RB2310,4150.0,0,1,SHFE.rb2310C4150,RB,274.0,OTM_0
156,2023-01-11,4110.0,CALL,XSGE.RB2310,4100.0,0,1,SHFE.rb2310C4100,RB,298.5,ATM_0
157,2023-01-11,4110.0,CALL,XSGE.RB2310,4000.0,0,1,SHFE.rb2310C4000,RB,347.5,ITM_1
158,2023-01-11,4110.0,CALL,XSGE.RB2310,4200.0,0,1,SHFE.rb2310C4200,RB,254.0,OTM_1
159,2023-01-11,4110.0,CALL,XSGE.RB2310,3950.0,0,1,SHFE.rb2310C3950,RB,375.5,ITM_2
160,2023-01-11,4110.0,CALL,XSGE.RB2310,4250.0,0,1,SHFE.rb2310C4250,RB,232.5,OTM_2
161,2023-01-11,4110.0,PUT,XSGE.RB2310,4150.0,0,1,SHFE.rb2310P4150,RB,313.0,ITM_0
162,2023-01-11,4110.0,PUT,XSGE.RB2310,4050.0,0,1,SHFE.rb2310P4050,RB,260.5,OTM_0
163,2023-01-11,4110.0,PUT,XSGE.RB2310,4100.0,0,1,SHFE.rb2310P4100,RB,290.0,ATM_0
164,2023-01-11,4110.0,PUT,XSGE.RB2310,4200.0,0,1,SHFE.rb2310P4200,RB,338.5,ITM_1
165,2023-01-11,4110.0,PUT,XSGE.RB2310,4000.0,0,1,SHFE.rb2310P4000,RB,242.0,OTM_1
166,2023-01-11,4110.0,PUT,XSGE.RB2310,4250.0,0,1,SHFE.rb2310P4250,RB,368.0,ITM_2
167,2023-01-11,4110.0,PUT,XSGE.RB2310,3950.0,0,1,SHFE.rb2310P3950,RB,218.5,OTM_2
168,2023-01-12,4089.0,CALL,XSGE.RB2310,4050.0,0,1,SHFE.rb2310C4050,RB,307.5,ITM_0
169,2023-01-12,4089.0,CALL,XSGE.RB2310,4150.0,0,1,SHFE.rb2310C4150,RB,261.0,OTM_0
170,2023-01-12,4089.0,CALL,XSGE.RB2310,4100.0,0,1,SHFE.rb2310C4100,RB,278.5,ATM_0
171,2023-01-12,4089.0,CALL,XSGE.RB2310,4000.0,0,1,SHFE.rb2310C4000,RB,331.5,ITM_1
172,2023-01-12,4089.0,CALL,XSGE.RB2310,4200.0,0,1,SHFE.rb2310C4200,RB,240.5,OTM_1
173,2023-01-12,4089.0,CALL,XSGE.RB2310,3950.0,0,1,SHFE.rb2310C3950,RB,344.0,ITM_2
174,2023-01-12,4089.0,CALL,XSGE.RB2310,4250.0,0,1,SHFE.rb2310C4250,RB,220.5,OTM_2
175,2023-01-12,4089.0,PUT,XSGE.RB2310,4150.0,0,1,SHFE.rb2310P4150,RB,320.0,ITM_0
176,2023-01-12,4089.0,PUT,XSGE.RB2310,4050.0,0,1,SHFE.rb2310P4050,RB,265.0,OTM_0
177,2023-01-12,4089.0,PUT,XSGE.RB2310,4100.0,0,1,SHFE.rb2310P4100,RB,290.0,ATM_0
178,2023-01-12,4089.0,PUT,XSGE.RB2310,4200.0,0,1,SHFE.rb2310P4200,RB,344.5,ITM_1
179,2023-01-12,4089.0,PUT,XSGE.RB2310,4000.0,0,1,SHFE.rb2310P4000,RB,245.0,OTM_1
180,2023-01-12,4089.0,PUT,XSGE.RB2310,4250.0,0,1,SHFE.rb2310P4250,RB,373.5,ITM_2
181,2023-01-12,4089.0,PUT,XSGE.RB2310,3950.0,0,1,SHFE.rb2310P3950,RB,228.0,OTM_2
182,2023-01-13,4121.0,CALL,XSGE.RB2310,4050.0,0,1,SHFE.rb2310C4050,RB,318.5,ITM_0
183,2023-01-13,4121.0,CALL,XSGE.RB2310,4150.0,0,1,SHFE.rb2310C4150,RB,272.0,OTM_0
184,2023-01-13,4121.0,CALL,XSGE.RB2310,4100.0,0,1,SHFE.rb2310C4100,RB,298.0,ATM_0
185,2023-01-13,4121.0,CALL,XSGE.RB2310,4000.0,0,1,SHFE.rb2310C4000,RB,343.0,ITM_1
186,2023-01-13,4121.0,CALL,XSGE.RB2310,4200.0,0,1,SHFE.rb2310C4200,RB,242.5,OTM_1
187,2023-01-13,4121.0,CALL,XSGE.RB2310,3950.0,0,1,SHFE.rb2310C3950,RB,370.0,ITM_2
188,2023-01-13,4121.0,CALL,XSGE.RB2310,4250.0,0,1,SHFE.rb2310C4250,RB,229.0,OTM_2
189,2023-01-13,4121.0,PUT,XSGE.RB2310,4150.0,0,1,SHFE.rb2310P4150,RB,311.5,ITM_0
190,2023-01-13,4121.0,PUT,XSGE.RB2310,4050.0,0,1,SHFE.rb2310P4050,RB,250.0,OTM_0
191,2023-01-13,4121.0,PUT,XSGE.RB2310,4100.0,0,1,SHFE.rb2310P4100,RB,286.0,ATM_0
192,2023-01-13,4121.0,PUT,XSGE.RB2310,4200.0,0,1,SHFE.rb2310P4200,RB,342.5,ITM_1
193,2023-01-13,4121.0,PUT,XSGE.RB2310,4000.0,0,1,SHFE.rb2310P4000,RB,242.0,OTM_1
194,2023-01-13,4121.0,PUT,XSGE.RB2310,4250.0,0,1,SHFE.rb2310P4250,RB,376.0,ITM_2
195,2023-01-13,4121.0,PUT,XSGE.RB2310,3950.0,0,1,SHFE.rb2310P3950,RB,206.0,OTM_2
196,2023-01-16,4048.0,CALL,XSGE.RB2310,4000.0,0,1,SHFE.rb2310C4000,RB,305.5,ITM_0
197,2023-01-16,4048.0,CALL,XSGE.RB2310,4100.0,0,1,SHFE.rb2310C4100,RB,259.0,OTM_0
198,2023-01-16,4048.0,CALL,XSGE.RB2310,4050.0,0,1,SHFE.rb2310C4050,RB,283.0,ATM_0
199,2023-01-16,4048.0,CALL,XSGE.RB2310,3950.0,0,1,SHFE.rb2310C3950,RB,342.0,ITM_1
200,2023-01-16,4048.0,CALL,XSGE.RB2310,4150.0,0,1,SHFE.rb2310C4150,RB,238.0,OTM_1
201,2023-01-16,4048.0,CALL,XSGE.RB2310,3900.0,0,1,SHFE.rb2310C3900,RB,370.5,ITM_2
202,2023-01-16,4048.0,CALL,XSGE.RB2310,4200.0,0,1,SHFE.rb2310C4200,RB,219.5,OTM_2
203,2023-01-16,4048.0,PUT,XSGE.RB2310,4100.0,0,1,SHFE.rb2310P4100,RB,318.5,ITM_0
204,2023-01-16,4048.0,PUT,XSGE.RB2310,4000.0,0,1,SHFE.rb2310P4000,RB,264.5,OTM_0
205,2023-01-16,4048.0,PUT,XSGE.RB2310,4050.0,0,1,SHFE.rb2310P4050,RB,289.5,ATM_0
206,2023-01-16,4048.0,PUT,XSGE.RB2310,4150.0,0,1,SHFE.rb2310P4150,RB,342.5,ITM_1
207,2023-01-16,4048.0,PUT,XSGE.RB2310,3950.0,0,1,SHFE.rb2310P3950,RB,241.0,OTM_1
208,2023-01-16,4048.0,PUT,XSGE.RB2310,4200.0,0,1,SHFE.rb2310P4200,RB,373.5,ITM_2
209,2023-01-16,4048.0,PUT,XSGE.RB2310,3900.0,0,1,SHFE.rb2310P3900,RB,219.0,OTM_2
210,2023-01-17,4067.0,CALL,XSGE.RB2310,4000.0,0,1,SHFE.rb2310C4000,RB,322.0,ITM_0
211,2023-01-17,4067.0,CALL,XSGE.RB2310,4100.0,0,1,SHFE.rb2310C4100,RB,278.5,OTM_0
212,2023-01-17,4067.0,CALL,XSGE.RB2310,4050.0,0,1,SHFE.rb2310C4050,RB,297.0,ATM_0
213,2023-01-17,4067.0,CALL,XSGE.RB2310,3950.0,0,1,SHFE.rb2310C3950,RB,340.0,ITM_1
214,2023-01-17,4067.0,CALL,XSGE.RB2310,4150.0,0,1,SHFE.rb2310C4150,RB,248.0,OTM_1
215,2023-01-17,4067.0,CALL,XSGE.RB2310,3900.0,0,1,SHFE.rb2310C3900,RB,367.0,ITM_2
216,2023-01-17,4067.0,CALL,XSGE.RB2310,4200.0,0,1,SHFE.rb2310C4200,RB,228.5,OTM_2
217,2023-01-17,4067.0,PUT,XSGE.RB2310,4100.0,0,1,SHFE.rb2310P4100,RB,324.0,ITM_0
218,2023-01-17,4067.0,PUT,XSGE.RB2310,4000.0,0,1,SHFE.rb2310P4000,RB,250.0,OTM_0
219,2023-01-17,4067.0,PUT,XSGE.RB2310,4050.0,0,1,SHFE.rb2310P4050,RB,283.0,ATM_0
220,2023-01-17,4067.0,PUT,XSGE.RB2310,4150.0,0,1,SHFE.rb2310P4150,RB,325.5,ITM_1
221,2023-01-17,4067.0,PUT,XSGE.RB2310,3950.0,0,1,SHFE.rb2310P3950,RB,251.0,OTM_1
222,2023-01-17,4067.0,PUT,XSGE.RB2310,4200.0,0,1,SHFE.rb2310P4200,RB,356.0,ITM_2
223,2023-01-17,4067.0,PUT,XSGE.RB2310,3900.0,0,1,SHFE.rb2310P3900,RB,213.0,OTM_2
224,2023-01-18,4109.0,CALL,XSGE.RB2310,4050.0,0,1,SHFE.rb2310C4050,RB,324.0,ITM_0
225,2023-01-18,4109.0,CALL,XSGE.RB2310,4150.0,0,1,SHFE.rb2310C4150,RB,268.5,OTM_0
226,2023-01-18,4109.0,CALL,XSGE.RB2310,4100.0,0,1,SHFE.rb2310C4100,RB,297.0,ATM_0
227,2023-01-18,4109.0,CALL,XSGE.RB2310,4000.0,0,1,SHFE.rb2310C4000,RB,345.5,ITM_1
228,2023-01-18,4109.0,CALL,XSGE.RB2310,4200.0,0,1,SHFE.rb2310C4200,RB,256.0,OTM_1
229,2023-01-18,4109.0,CALL,XSGE.RB2310,3950.0,0,1,SHFE.rb2310C3950,RB,376.0,ITM_2
230,2023-01-18,4109.0,CALL,XSGE.RB2310,4250.0,0,1,SHFE.rb2310C4250,RB,228.0,OTM_2
231,2023-01-18,4109.0,PUT,XSGE.RB2310,4150.0,0,1,SHFE.rb2310P4150,RB,312.5,ITM_0
232,2023-01-18,4109.0,PUT,XSGE.RB2310,4050.0,0,1,SHFE.rb2310P4050,RB,259.0,OTM_0
233,2023-01-18,4109.0,PUT,XSGE.RB2310,4100.0,0,1,SHFE.rb2310P4100,RB,285.5,ATM_0
234,2023-01-18,4109.0,PUT,XSGE.RB2310,4200.0,0,1,SHFE.rb2310P4200,RB,338.5,ITM_1
235,2023-01-18,4109.0,PUT,XSGE.RB2310,4000.0,0,1,SHFE.rb2310P4000,RB,243.5,OTM_1
236,2023-01-18,4109.0,PUT,XSGE.RB2310,4250.0,0,1,SHFE.rb2310P4250,RB,364.0,ITM_2
237,2023-01-18,4109.0,PUT,XSGE.RB2310,3950.0,0,1,SHFE.rb2310P3950,RB,220.0,OTM_2
238,2023-01-19,4142.0,CALL,XSGE.RB2310,4100.0,0,1,SHFE.rb2310C4100,RB,308.0,ITM_0
239,2023-01-19,4142.0,CALL,XSGE.RB2310,4200.0,0,1,SHFE.rb2310C4200,RB,269.5,OTM_0
240,2023-01-19,4142.0,CALL,XSGE.RB2310,4150.0,0,1,SHFE.rb2310C4150,RB,287.5,ATM_0
241,2023-01-19,4142.0,CALL,XSGE.RB2310,4050.0,0,1,SHFE.rb2310C4050,RB,339.5,ITM_1
242,2023-01-19,4142.0,CALL,XSGE.RB2310,4250.0,0,1,SHFE.rb2310C4250,RB,245.0,OTM_1
243,2023-01-19,4142.0,CALL,XSGE.RB2310,4000.0,0,1,SHFE.rb2310C4000,RB,364.0,ITM_2
244,2023-01-19,4142.0,CALL,XSGE.RB2310,4300.0,0,1,SHFE.rb2310C4300,RB,222.0,OTM_2
245,2023-01-19,4142.0,PUT,XSGE.RB2310,4200.0,0,1,SHFE.rb2310P4200,RB,334.5,ITM_0
246,2023-01-19,4142.0,PUT,XSGE.RB2310,4100.0,0,1,SHFE.rb2310P4100,RB,280.5,OTM_0
247,2023-01-19,4142.0,PUT,XSGE.RB2310,4150.0,0,1,SHFE.rb2310P4150,RB,306.0,ATM_0
248,2023-01-19,4142.0,PUT,XSGE.RB2310,4250.0,0,1,SHFE.rb2310P4250,RB,360.5,ITM_1
249,2023-01-19,4142.0,PUT,XSGE.RB2310,4050.0,0,1,SHFE.rb2310P4050,RB,254.0,OTM_1
250,2023-01-19,4142.0,PUT,XSGE.RB2310,4300.0,0,1,SHFE.rb2310P4300,RB,402.5,ITM_2
251,2023-01-19,4142.0,PUT,XSGE.RB2310,4000.0,0,1,SHFE.rb2310P4000,RB,232.5,OTM_2
252,2023-01-20,4130.0,CALL,XSGE.RB2310,4100.0,0,1,SHFE.rb2310C4100,RB,313.0,ITM_0
253,2023-01-20,4130.0,CALL,XSGE.RB2310,4200.0,0,1,SHFE.rb2310C4200,RB,264.0,OTM_0
254,2023-01-20,4130.0,CALL,XSGE.RB2310,4150.0,0,1,SHFE.rb2310C4150,RB,290.0,ATM_0
255,2023-01-20,4130.0,CALL,XSGE.RB2310,4050.0,0,1,SHFE.rb2310C4050,RB,338.0,ITM_1
256,2023-01-20,4130.0,CALL,XSGE.RB2310,4250.0,0,1,SHFE.rb2310C4250,RB,247.0,OTM_1
257,2023-01-20,4130.0,CALL,XSGE.RB2310,4000.0,0,1,SHFE.rb2310C4000,RB,363.0,ITM_2
258,2023-01-20,4130.0,CALL,XSGE.RB2310,4300.0,0,1,SHFE.rb2310C4300,RB,224.0,OTM_2
259,2023-01-20,4130.0,PUT,XSGE.RB2310,4200.0,0,1,SHFE.rb2310P4200,RB,332.5,ITM_0
260,2023-01-20,4130.0,PUT,XSGE.RB2310,4100.0,0,1,SHFE.rb2310P4100,RB,282.0,OTM_0
261,2023-01-20,4130.0,PUT,XSGE.RB2310,4150.0,0,1,SHFE.rb2310P4150,RB,304.0,ATM_0
262,2023-01-20,4130.0,PUT,XSGE.RB2310,4250.0,0,1,SHFE.rb2310P4250,RB,360.5,ITM_1
263,2023-01-20,4130.0,PUT,XSGE.RB2310,4050.0,0,1,SHFE.rb2310P4050,RB,258.5,OTM_1
264,2023-01-20,4130.0,PUT,XSGE.RB2310,4300.0,0,1,SHFE.rb2310P4300,RB,392.0,ITM_2
265,2023-01-20,4130.0,PUT,XSGE.RB2310,4000.0,0,1,SHFE.rb2310P4000,RB,236.0,OTM_2
266,2023-01-30,4157.0,CALL,XSGE.RB2310,4150.0,0,1,SHFE.rb2310C4150,RB,309.0,ITM_0
267,2023-01-30,4157.0,CALL,XSGE.RB2310,4250.0,0,1,SHFE.rb2310C4250,RB,274.5,OTM_0
268,2023-01-30,4157.0,CALL,XSGE.RB2310,4200.0,0,1,SHFE.rb2310C4200,RB,290.0,ATM_0
269,2023-01-30,4157.0,CALL,XSGE.RB2310,4100.0,0,1,SHFE.rb2310C4100,RB,322.0,ITM_1
270,2023-01-30,4157.0,CALL,XSGE.RB2310,4300.0,0,1,SHFE.rb2310C4300,RB,241.5,OTM_1
271,2023-01-30,4157.0,CALL,XSGE.RB2310,4050.0,0,1,SHFE.rb2310C4050,RB,361.0,ITM_2
272,2023-01-30,4157.0,CALL,XSGE.RB2310,4350.0,0,1,SHFE.rb2310C4350,RB,240.5,OTM_2
273,2023-01-30,4157.0,PUT,XSGE.RB2310,4250.0,0,1,SHFE.rb2310P4250,RB,338.5,ITM_0
274,2023-01-30,4157.0,PUT,XSGE.RB2310,4150.0,0,1,SHFE.rb2310P4150,RB,294.0,OTM_0
275,2023-01-30,4157.0,PUT,XSGE.RB2310,4200.0,0,1,SHFE.rb2310P4200,RB,298.0,ATM_0
276,2023-01-30,4157.0,PUT,XSGE.RB2310,4300.0,0,1,SHFE.rb2310P4300,RB,381.5,ITM_1
277,2023-01-30,4157.0,PUT,XSGE.RB2310,4100.0,0,1,SHFE.rb2310P4100,RB,274.5,OTM_1
278,2023-01-30,4157.0,PUT,XSGE.RB2310,4350.0,0,1,SHFE.rb2310P4350,RB,409.0,ITM_2
279,2023-01-30,4157.0,PUT,XSGE.RB2310,4050.0,0,1,SHFE.rb2310P4050,RB,232.0,OTM_2
280,2023-01-31,4098.0,CALL,XSGE.RB2310,4050.0,0,1,SHFE.rb2310C4050,RB,305.0,ITM_0
281,2023-01-31,4098.0,CALL,XSGE.RB2310,4150.0,0,1,SHFE.rb2310C4150,RB,276.0,OTM_0
282,2023-01-31,4098.0,CALL,XSGE.RB2310,4100.0,0,1,SHFE.rb2310C4100,RB,300.5,ATM_0
283,2023-01-31,4098.0,CALL,XSGE.RB2310,4000.0,0,1,SHFE.rb2310C4000,RB,353.5,ITM_1
284,2023-01-31,4098.0,CALL,XSGE.RB2310,4200.0,0,1,SHFE.rb2310C4200,RB,253.5,OTM_1
285,2023-01-31,4098.0,CALL,XSGE.RB2310,3950.0,0,1,SHFE.rb2310C3950,RB,362.0,ITM_2
286,2023-01-31,4098.0,CALL,XSGE.RB2310,4250.0,0,1,SHFE.rb2310C4250,RB,232.5,OTM_2
287,2023-01-31,4098.0,PUT,XSGE.RB2310,4150.0,0,1,SHFE.rb2310P4150,RB,307.0,ITM_0
288,2023-01-31,4098.0,PUT,XSGE.RB2310,4050.0,0,1,SHFE.rb2310P4050,RB,256.0,OTM_0
289,2023-01-31,4098.0,PUT,XSGE.RB2310,4100.0,0,1,SHFE.rb2310P4100,RB,281.5,ATM_0
290,2023-01-31,4098.0,PUT,XSGE.RB2310,4200.0,0,1,SHFE.rb2310P4200,RB,323.0,ITM_1
291,2023-01-31,4098.0,PUT,XSGE.RB2310,4000.0,0,1,SHFE.rb2310P4000,RB,229.0,OTM_1
292,2023-01-31,4098.0,PUT,XSGE.RB2310,4250.0,0,1,SHFE.rb2310P4250,RB,350.5,ITM_2
293,2023-01-31,4098.0,PUT,XSGE.RB2310,3950.0,0,1,SHFE.rb2310P3950,RB,216.0,OTM_2
294,2023-02-01,4041.0,CALL,XSGE.RB2310,4000.0,0,1,SHFE.rb2310C4000,RB,300.5,ITM_0
295,2023-02-01,4041.0,CALL,XSGE.RB2310,4100.0,0,1,SHFE.rb2310C4100,RB,248.0,OTM_0
296,2023-02-01,4041.0,CALL,XSGE.RB2310,4050.0,0,1,SHFE.rb2310C4050,RB,275.5,ATM_0
297,2023-02-01,4041.0,CALL,XSGE.RB2310,3950.0,0,1,SHFE.rb2310C3950,RB,335.5,ITM_1
298,2023-02-01,4041.0,CALL,XSGE.RB2310,4150.0,0,1,SHFE.rb2310C4150,RB,225.0,OTM_1
299,2023-02-01,4041.0,CALL,XSGE.RB2310,3900.0,0,1,SHFE.rb2310C3900,RB,348.5,ITM_2
300,2023-02-01,4041.0,CALL,XSGE.RB2310,4200.0,0,1,SHFE.rb2310C4200,RB,209.0,OTM_2
301,2023-02-01,4041.0,PUT,XSGE.RB2310,4100.0,0,1,SHFE.rb2310P4100,RB,300.5,ITM_0
302,2023-02-01,4041.0,PUT,XSGE.RB2310,4000.0,0,1,SHFE.rb2310P4000,RB,262.0,OTM_0
303,2023-02-01,4041.0,PUT,XSGE.RB2310,4050.0,0,1,SHFE.rb2310P4050,RB,282.0,ATM_0
304,2023-02-01,4041.0,PUT,XSGE.RB2310,4150.0,0,1,SHFE.rb2310P4150,RB,342.0,ITM_1
305,2023-02-01,4041.0,PUT,XSGE.RB2310,3950.0,0,1,SHFE.rb2310P3950,RB,233.5,OTM_1
306,2023-02-01,4041.0,PUT,XSGE.RB2310,4200.0,0,1,SHFE.rb2310P4200,RB,355.0,ITM_2
307,2023-02-01,4041.0,PUT,XSGE.RB2310,3900.0,0,1,SHFE.rb2310P3900,RB,213.5,OTM_2
308,2023-02-02,4000.0,CALL,XSGE.RB2310,3950.0,0,1,SHFE.rb2310C3950,RB,317.5,ITM_0
309,2023-02-02,4000.0,CALL,XSGE.RB2310,4050.0,0,1,SHFE.rb2310C4050,RB,267.5,OTM_0
310,2023-02-02,4000.0,CALL,XSGE.RB2310,4000.0,0,1,SHFE.rb2310C4000,RB,291.5,ATM_0
311,2023-02-02,4000.0,CALL,XSGE.RB2310,3900.0,0,1,SHFE.rb2310C3900,RB,332.0,ITM_1
312,2023-02-02,4000.0,CALL,XSGE.RB2310,4100.0,0,1,SHFE.rb2310C4100,RB,244.0,OTM_1
313,2023-02-02,4000.0,CALL,XSGE.RB2310,3850.0,0,1,SHFE.rb2310C3850,RB,360.0,ITM_2
314,2023-02-02,4000.0,CALL,XSGE.RB2310,4150.0,0,1,SHFE.rb2310C4150,RB,223.5,OTM_2
315,2023-02-02,4000.0,PUT,XSGE.RB2310,4050.0,0,1,SHFE.rb2310P4050,RB,300.0,ITM_0
316,2023-02-02,4000.0,PUT,XSGE.RB2310,3950.0,0,1,SHFE.rb2310P3950,RB,233.0,OTM_0
317,2023-02-02,4000.0,PUT,XSGE.RB2310,4000.0,0,1,SHFE.rb2310P4000,RB,276.5,ATM_0
318,2023-02-02,4000.0,PUT,XSGE.RB2310,4100.0,0,1,SHFE.rb2310P4100,RB,322.0,ITM_1
319,2023-02-02,4000.0,PUT,XSGE.RB2310,3900.0,0,1,SHFE.rb2310P3900,RB,214.5,OTM_1
320,2023-02-02,4000.0,PUT,XSGE.RB2310,4150.0,0,1,SHFE.rb2310P4150,RB,352.0,ITM_2
321,2023-02-02,4000.0,PUT,XSGE.RB2310,3850.0,0,1,SHFE.rb2310P3850,RB,206.5,OTM_2
322,2023-02-03,4018.0,CALL,XSGE.RB2310,3950.0,0,1,SHFE.rb2310C3950,RB,304.5,ITM_0
323,2023-02-03,4018.0,CALL,XSGE.RB2310,4050.0,0,1,SHFE.rb2310C4050,RB,260.5,OTM_0
324,2023-02-03,4018.0,CALL,XSGE.RB2310,4000.0,0,1,SHFE.rb2310C4000,RB,279.0,ATM_0
325,2023-02-03,4018.0,CALL,XSGE.RB2310,3900.0,0,1,SHFE.rb2310C3900,RB,325.5,ITM_1
326,2023-02-03,4018.0,CALL,XSGE.RB2310,4100.0,0,1,SHFE.rb2310C4100,RB,235.0,OTM_1
327,2023-02-03,4018.0,CALL,XSGE.RB2310,3850.0,0,1,SHFE.rb2310C3850,RB,365.0,ITM_2
328,2023-02-03,4018.0,CALL,XSGE.RB2310,4150.0,0,1,SHFE.rb2310C4150,RB,213.0,OTM_2
329,2023-02-03,4018.0,PUT,XSGE.RB2310,4050.0,0,1,SHFE.rb2310P4050,RB,300.0,ITM_0
330,2023-02-03,4018.0,PUT,XSGE.RB2310,3950.0,0,1,SHFE.rb2310P3950,RB,250.0,OTM_0
331,2023-02-03,4018.0,PUT,XSGE.RB2310,4000.0,0,1,SHFE.rb2310P4000,RB,270.5,ATM_0
332,2023-02-03,4018.0,PUT,XSGE.RB2310,4100.0,0,1,SHFE.rb2310P4100,RB,322.5,ITM_1
333,2023-02-03,4018.0,PUT,XSGE.RB2310,3900.0,0,1,SHFE.rb2310P3900,RB,223.5,OTM_1
334,2023-02-03,4018.0,PUT,XSGE.RB2310,4150.0,0,1,SHFE.rb2310P4150,RB,353.0,ITM_2
335,2023-02-03,4018.0,PUT,XSGE.RB2310,3850.0,0,1,SHFE.rb2310P3850,RB,205.0,OTM_2
336,2023-02-06,4013.0,CALL,XSGE.RB2310,3950.0,0,1,SHFE.rb2310C3950,RB,291.0,ITM_0
337,2023-02-06,4013.0,CALL,XSGE.RB2310,4050.0,0,1,SHFE.rb2310C4050,RB,246.0,OTM_0
338,2023-02-06,4013.0,CALL,XSGE.RB2310,4000.0,0,1,SHFE.rb2310C4000,RB,277.0,ATM_0
339,2023-02-06,4013.0,CALL,XSGE.RB2310,3900.0,0,1,SHFE.rb2310C3900,RB,325.0,ITM_1
340,2023-02-06,4013.0,CALL,XSGE.RB2310,4100.0,0,1,SHFE.rb2310C4100,RB,231.0,OTM_1
341,2023-02-06,4013.0,CALL,XSGE.RB2310,3850.0,0,1,SHFE.rb2310C3850,RB,359.0,ITM_2
342,2023-02-06,4013.0,CALL,XSGE.RB2310,4150.0,0,1,SHFE.rb2310C4150,RB,207.5,OTM_2
343,2023-02-06,4013.0,PUT,XSGE.RB2310,4050.0,0,1,SHFE.rb2310P4050,RB,304.0,ITM_0
344,2023-02-06,4013.0,PUT,XSGE.RB2310,3950.0,0,1,SHFE.rb2310P3950,RB,254.5,OTM_0
345,2023-02-06,4013.0,PUT,XSGE.RB2310,4000.0,0,1,SHFE.rb2310P4000,RB,296.0,ATM_0
346,2023-02-06,4013.0,PUT,XSGE.RB2310,4100.0,0,1,SHFE.rb2310P4100,RB,329.0,ITM_1
347,2023-02-06,4013.0,PUT,XSGE.RB2310,3900.0,0,1,SHFE.rb2310P3900,RB,221.0,OTM_1
348,2023-02-06,4013.0,PUT,XSGE.RB2310,4150.0,0,1,SHFE.rb2310P4150,RB,372.5,ITM_2
349,2023-02-06,4013.0,PUT,XSGE.RB2310,3850.0,0,1,SHFE.rb2310P3850,RB,210.5,OTM_2
350,2023-02-07,3986.0,CALL,XSGE.RB2310,3950.0,0,1,SHFE.rb2310C3950,RB,301.5,ITM_0
351,2023-02-07,3986.0,CALL,XSGE.RB2310,4050.0,0,1,SHFE.rb2310C4050,RB,252.5,OTM_0
352,2023-02-07,3986.0,CALL,XSGE.RB2310,4000.0,0,1,SHFE.rb2310C4000,RB,275.5,ATM_0
353,2023-02-07,3986.0,CALL,XSGE.RB2310,3900.0,0,1,SHFE.rb2310C3900,RB,336.5,ITM_1
354,2023-02-07,3986.0,CALL,XSGE.RB2310,4100.0,0,1,SHFE.rb2310C4100,RB,230.5,OTM_1
355,2023-02-07,3986.0,CALL,XSGE.RB2310,3850.0,0,1,SHFE.rb2310C3850,RB,355.0,ITM_2
356,2023-02-07,3986.0,CALL,XSGE.RB2310,4150.0,0,1,SHFE.rb2310C4150,RB,210.0,OTM_2
357,2023-02-07,3986.0,PUT,XSGE.RB2310,4050.0,0,1,SHFE.rb2310P4050,RB,304.0,ITM_0
358,2023-02-07,3986.0,PUT,XSGE.RB2310,3950.0,0,1,SHFE.rb2310P3950,RB,257.5,OTM_0
359,2023-02-07,3986.0,PUT,XSGE.RB2310,4000.0,0,1,SHFE.rb2310P4000,RB,277.5,ATM_0
360,2023-02-07,3986.0,PUT,XSGE.RB2310,4100.0,0,1,SHFE.rb2310P4100,RB,333.5,ITM_1
361,2023-02-07,3986.0,PUT,XSGE.RB2310,3900.0,0,1,SHFE.rb2310P3900,RB,240.5,OTM_1
362,2023-02-07,3986.0,PUT,XSGE.RB2310,4150.0,0,1,SHFE.rb2310P4150,RB,363.0,ITM_2
363,2023-02-07,3986.0,PUT,XSGE.RB2310,3850.0,0,1,SHFE.rb2310P3850,RB,219.0,OTM_2
364,2023-02-08,4017.0,CALL,XSGE.RB2310,3950.0,0,1,SHFE.rb2310C3950,RB,310.0,ITM_0
365,2023-02-08,4017.0,CALL,XSGE.RB2310,4050.0,0,1,SHFE.rb2310C4050,RB,261.0,OTM_0
366,2023-02-08,4017.0,CALL,XSGE.RB2310,4000.0,0,1,SHFE.rb2310C4000,RB,285.0,ATM_0
367,2023-02-08,4017.0,CALL,XSGE.RB2310,3900.0,0,1,SHFE.rb2310C3900,RB,337.0,ITM_1
368,2023-02-08,4017.0,CALL,XSGE.RB2310,4100.0,0,1,SHFE.rb2310C4100,RB,238.0,OTM_1
369,2023-02-08,4017.0,CALL,XSGE.RB2310,3850.0,0,1,SHFE.rb2310C3850,RB,362.0,ITM_2
370,2023-02-08,4017.0,CALL,XSGE.RB2310,4150.0,0,1,SHFE.rb2310C4150,RB,211.0,OTM_2
371,2023-02-08,4017.0,PUT,XSGE.RB2310,4050.0,0,1,SHFE.rb2310P4050,RB,288.5,ITM_0
372,2023-02-08,4017.0,PUT,XSGE.RB2310,3950.0,0,1,SHFE.rb2310P3950,RB,239.0,OTM_0
373,2023-02-08,4017.0,PUT,XSGE.RB2310,4000.0,0,1,SHFE.rb2310P4000,RB,262.5,ATM_0
374,2023-02-08,4017.0,PUT,XSGE.RB2310,4100.0,0,1,SHFE.rb2310P4100,RB,320.5,ITM_1
375,2023-02-08,4017.0,PUT,XSGE.RB2310,3900.0,0,1,SHFE.rb2310P3900,RB,214.5,OTM_1
376,2023-02-08,4017.0,PUT,XSGE.RB2310,4150.0,0,1,SHFE.rb2310P4150,RB,344.5,ITM_2
377,2023-02-08,4017.0,PUT,XSGE.RB2310,3850.0,0,1,SHFE.rb2310P3850,RB,194.5,OTM_2
378,2023-02-09,4047.0,CALL,XSGE.RB2310,4000.0,0,1,SHFE.rb2310C4000,RB,294.5,ITM_0
379,2023-02-09,4047.0,CALL,XSGE.RB2310,4100.0,0,1,SHFE.rb2310C4100,RB,245.0,OTM_0
380,2023-02-09,4047.0,CALL,XSGE.RB2310,4050.0,0,1,SHFE.rb2310C4050,RB,269.0,ATM_0
381,2023-02-09,4047.0,CALL,XSGE.RB2310,3950.0,0,1,SHFE.rb2310C3950,RB,319.5,ITM_1
382,2023-02-09,4047.0,CALL,XSGE.RB2310,4150.0,0,1,SHFE.rb2310C4150,RB,223.0,OTM_1
383,2023-02-09,4047.0,CALL,XSGE.RB2310,3900.0,0,1,SHFE.rb2310C3900,RB,349.0,ITM_2
384,2023-02-09,4047.0,CALL,XSGE.RB2310,4200.0,0,1,SHFE.rb2310C4200,RB,202.5,OTM_2
385,2023-02-09,4047.0,PUT,XSGE.RB2310,4100.0,0,1,SHFE.rb2310P4100,RB,294.5,ITM_0
386,2023-02-09,4047.0,PUT,XSGE.RB2310,4000.0,0,1,SHFE.rb2310P4000,RB,237.5,OTM_0
387,2023-02-09,4047.0,PUT,XSGE.RB2310,4050.0,0,1,SHFE.rb2310P4050,RB,267.5,ATM_0
388,2023-02-09,4047.0,PUT,XSGE.RB2310,4150.0,0,1,SHFE.rb2310P4150,RB,321.0,ITM_1
389,2023-02-09,4047.0,PUT,XSGE.RB2310,3950.0,0,1,SHFE.rb2310P3950,RB,220.0,OTM_1
390,2023-02-09,4047.0,PUT,XSGE.RB2310,4200.0,0,1,SHFE.rb2310P4200,RB,350.0,ITM_2
391,2023-02-09,4047.0,PUT,XSGE.RB2310,3900.0,0,1,SHFE.rb2310P3900,RB,197.5,OTM_2
392,2023-02-10,4031.0,CALL,XSGE.RB2310,4000.0,0,1,SHFE.rb2310C4000,RB,268.5,ITM_0
393,2023-02-10,4031.0,CALL,XSGE.RB2310,4100.0,0,1,SHFE.rb2310C4100,RB,229.0,OTM_0
394,2023-02-10,4031.0,CALL,XSGE.RB2310,4050.0,0,1,SHFE.rb2310C4050,RB,253.0,ATM_0
395,2023-02-10,4031.0,CALL,XSGE.RB2310,3950.0,0,1,SHFE.rb2310C3950,RB,303.5,ITM_1
396,2023-02-10,4031.0,CALL,XSGE.RB2310,4150.0,0,1,SHFE.rb2310C4150,RB,205.5,OTM_1
397,2023-02-10,4031.0,CALL,XSGE.RB2310,3900.0,0,1,SHFE.rb2310C3900,RB,332.0,ITM_2
398,2023-02-10,4031.0,CALL,XSGE.RB2310,4200.0,0,1,SHFE.rb2310C4200,RB,183.0,OTM_2
399,2023-02-10,4031.0,PUT,XSGE.RB2310,4100.0,0,1,SHFE.rb2310P4100,RB,314.0,ITM_0
400,2023-02-10,4031.0,PUT,XSGE.RB2310,4000.0,0,1,SHFE.rb2310P4000,RB,242.0,OTM_0
401,2023-02-10,4031.0,PUT,XSGE.RB2310,4050.0,0,1,SHFE.rb2310P4050,RB,272.5,ATM_0
402,2023-02-10,4031.0,PUT,XSGE.RB2310,4150.0,0,1,SHFE.rb2310P4150,RB,324.5,ITM_1
403,2023-02-10,4031.0,PUT,XSGE.RB2310,3950.0,0,1,SHFE.rb2310P3950,RB,220.0,OTM_1
404,2023-02-10,4031.0,PUT,XSGE.RB2310,4200.0,0,1,SHFE.rb2310P4200,RB,349.5,ITM_2
405,2023-02-10,4031.0,PUT,XSGE.RB2310,3900.0,0,1,SHFE.rb2310P3900,RB,194.5,OTM_2
406,2023-02-13,3950.0,CALL,XSGE.RB2310,3900.0,0,1,SHFE.rb2310C3900,RB,286.5,ITM_0
407,2023-02-13,3950.0,CALL,XSGE.RB2310,4000.0,0,1,SHFE.rb2310C4000,RB,237.5,OTM_0
408,2023-02-13,3950.0,CALL,XSGE.RB2310,3950.0,0,1,SHFE.rb2310C3950,RB,261.5,ATM_0
409,2023-02-13,3950.0,CALL,XSGE.RB2310,3850.0,0,1,SHFE.rb2310C3850,RB,310.0,ITM_1
410,2023-02-13,3950.0,CALL,XSGE.RB2310,4050.0,0,1,SHFE.rb2310C4050,RB,212.0,OTM_1
411,2023-02-13,3950.0,CALL,XSGE.RB2310,3800.0,0,1,SHFE.rb2310C3800,RB,345.5,ITM_2
412,2023-02-13,3950.0,CALL,XSGE.RB2310,4100.0,0,1,SHFE.rb2310C4100,RB,194.0,OTM_2
413,2023-02-13,3950.0,PUT,XSGE.RB2310,4000.0,0,1,SHFE.rb2310P4000,RB,274.0,ITM_0
414,2023-02-13,3950.0,PUT,XSGE.RB2310,3900.0,0,1,SHFE.rb2310P3900,RB,225.5,OTM_0
415,2023-02-13,3950.0,PUT,XSGE.RB2310,3950.0,0,1,SHFE.rb2310P3950,RB,248.5,ATM_0
416,2023-02-13,3950.0,PUT,XSGE.RB2310,4050.0,0,1,SHFE.rb2310P4050,RB,299.5,ITM_1
417,2023-02-13,3950.0,PUT,XSGE.RB2310,3850.0,0,1,SHFE.rb2310P3850,RB,201.5,OTM_1
418,2023-02-13,3950.0,PUT,XSGE.RB2310,4100.0,0,1,SHFE.rb2310P4100,RB,334.0,ITM_2
419,2023-02-13,3950.0,PUT,XSGE.RB2310,3800.0,0,1,SHFE.rb2310P3800,RB,180.5,OTM_2
420,2023-02-14,3970.0,CALL,XSGE.RB2310,3950.0,0,1,SHFE.rb2310C3950,RB,270.0,ITM_0
421,2023-02-14,3970.0,CALL,XSGE.RB2310,4050.0,0,1,SHFE.rb2310C4050,RB,220.0,OTM_0
422,2023-02-14,3970.0,CALL,XSGE.RB2310,4000.0,0,1,SHFE.rb2310C4000,RB,245.0,ATM_0
423,2023-02-14,3970.0,CALL,XSGE.RB2310,3900.0,0,1,SHFE.rb2310C3900,RB,294.5,ITM_1
424,2023-02-14,3970.0,CALL,XSGE.RB2310,4100.0,0,1,SHFE.rb2310C4100,RB,196.5,OTM_1
425,2023-02-14,3970.0,CALL,XSGE.RB2310,3850.0,0,1,SHFE.rb2310C3850,RB,318.5,ITM_2
426,2023-02-14,3970.0,CALL,XSGE.RB2310,4150.0,0,1,SHFE.rb2310C4150,RB,178.5,OTM_2
427,2023-02-14,3970.0,PUT,XSGE.RB2310,4050.0,0,1,SHFE.rb2310P4050,RB,279.0,ITM_0
428,2023-02-14,3970.0,PUT,XSGE.RB2310,3950.0,0,1,SHFE.rb2310P3950,RB,233.5,OTM_0
429,2023-02-14,3970.0,PUT,XSGE.RB2310,4000.0,0,1,SHFE.rb2310P4000,RB,259.0,ATM_0
430,2023-02-14,3970.0,PUT,XSGE.RB2310,4100.0,0,1,SHFE.rb2310P4100,RB,305.5,ITM_1
431,2023-02-14,3970.0,PUT,XSGE.RB2310,3900.0,0,1,SHFE.rb2310P3900,RB,209.5,OTM_1
432,2023-02-14,3970.0,PUT,XSGE.RB2310,4150.0,0,1,SHFE.rb2310P4150,RB,343.0,ITM_2
433,2023-02-14,3970.0,PUT,XSGE.RB2310,3850.0,0,1,SHFE.rb2310P3850,RB,189.0,OTM_2
434,2023-02-15,4011.0,CALL,XSGE.RB2310,3950.0,0,1,SHFE.rb2310C3950,RB,282.0,ITM_0
435,2023-02-15,4011.0,CALL,XSGE.RB2310,4050.0,0,1,SHFE.rb2310C4050,RB,229.5,OTM_0
436,2023-02-15,4011.0,CALL,XSGE.RB2310,4000.0,0,1,SHFE.rb2310C4000,RB,253.0,ATM_0
437,2023-02-15,4011.0,CALL,XSGE.RB2310,3900.0,0,1,SHFE.rb2310C3900,RB,312.0,ITM_1
438,2023-02-15,4011.0,CALL,XSGE.RB2310,4100.0,0,1,SHFE.rb2310C4100,RB,210.5,OTM_1
439,2023-02-15,4011.0,CALL,XSGE.RB2310,3850.0,0,1,SHFE.rb2310C3850,RB,338.5,ITM_2
440,2023-02-15,4011.0,CALL,XSGE.RB2310,4150.0,0,1,SHFE.rb2310C4150,RB,190.0,OTM_2
441,2023-02-15,4011.0,PUT,XSGE.RB2310,4050.0,0,1,SHFE.rb2310P4050,RB,274.5,ITM_0
442,2023-02-15,4011.0,PUT,XSGE.RB2310,3950.0,0,1,SHFE.rb2310P3950,RB,220.5,OTM_0
443,2023-02-15,4011.0,PUT,XSGE.RB2310,4000.0,0,1,SHFE.rb2310P4000,RB,248.0,ATM_0
444,2023-02-15,4011.0,PUT,XSGE.RB2310,4100.0,0,1,SHFE.rb2310P4100,RB,298.5,ITM_1
445,2023-02-15,4011.0,PUT,XSGE.RB2310,3900.0,0,1,SHFE.rb2310P3900,RB,197.5,OTM_1
446,2023-02-15,4011.0,PUT,XSGE.RB2310,4150.0,0,1,SHFE.rb2310P4150,RB,325.0,ITM_2
447,2023-02-15,4011.0,PUT,XSGE.RB2310,3850.0,0,1,SHFE.rb2310P3850,RB,175.0,OTM_2
448,2023-02-16,4078.0,CALL,XSGE.RB2310,4050.0,0,1,SHFE.rb2310C4050,RB,269.0,ITM_0
449,2023-02-16,4078.0,CALL,XSGE.RB2310,4150.0,0,1,SHFE.rb2310C4150,RB,221.0,OTM_0
450,2023-02-16,4078.0,CALL,XSGE.RB2310,4100.0,0,1,SHFE.rb2310C4100,RB,239.5,ATM_0
451,2023-02-16,4078.0,CALL,XSGE.RB2310,4000.0,0,1,SHFE.rb2310C4000,RB,295.0,ITM_1
452,2023-02-16,4078.0,CALL,XSGE.RB2310,4200.0,0,1,SHFE.rb2310C4200,RB,200.0,OTM_1
453,2023-02-16,4078.0,CALL,XSGE.RB2310,3950.0,0,1,SHFE.rb2310C3950,RB,331.0,ITM_2
454,2023-02-16,4078.0,CALL,XSGE.RB2310,4250.0,0,1,SHFE.rb2310C4250,RB,181.0,OTM_2
455,2023-02-16,4078.0,PUT,XSGE.RB2310,4150.0,0,1,SHFE.rb2310P4150,RB,295.5,ITM_0
456,2023-02-16,4078.0,PUT,XSGE.RB2310,4050.0,0,1,SHFE.rb2310P4050,RB,235.5,OTM_0
457,2023-02-16,4078.0,PUT,XSGE.RB2310,4100.0,0,1,SHFE.rb2310P4100,RB,271.5,ATM_0
458,2023-02-16,4078.0,PUT,XSGE.RB2310,4200.0,0,1,SHFE.rb2310P4200,RB,327.5,ITM_1
459,2023-02-16,4078.0,PUT,XSGE.RB2310,4000.0,0,1,SHFE.rb2310P4000,RB,217.0,OTM_1
460,2023-02-16,4078.0,PUT,XSGE.RB2310,4250.0,0,1,SHFE.rb2310P4250,RB,354.0,ITM_2
461,2023-02-16,4078.0,PUT,XSGE.RB2310,3950.0,0,1,SHFE.rb2310P3950,RB,194.5,OTM_2
462,2023-02-17,4102.0,CALL,XSGE.RB2310,4050.0,0,1,SHFE.rb2310C4050,RB,282.0,ITM_0
463,2023-02-17,4102.0,CALL,XSGE.RB2310,4150.0,0,1,SHFE.rb2310C4150,RB,240.5,OTM_0
464,2023-02-17,4102.0,CALL,XSGE.RB2310,4100.0,0,1,SHFE.rb2310C4100,RB,263.5,ATM_0
465,2023-02-17,4102.0,CALL,XSGE.RB2310,4000.0,0,1,SHFE.rb2310C4000,RB,303.0,ITM_1
466,2023-02-17,4102.0,CALL,XSGE.RB2310,4200.0,0,1,SHFE.rb2310C4200,RB,208.0,OTM_1
467,2023-02-17,4102.0,CALL,XSGE.RB2310,3950.0,0,1,SHFE.rb2310C3950,RB,340.0,ITM_2
468,2023-02-17,4102.0,CALL,XSGE.RB2310,4250.0,0,1,SHFE.rb2310C4250,RB,191.0,OTM_2
469,2023-02-17,4102.0,PUT,XSGE.RB2310,4150.0,0,1,SHFE.rb2310P4150,RB,284.5,ITM_0
470,2023-02-17,4102.0,PUT,XSGE.RB2310,4050.0,0,1,SHFE.rb2310P4050,RB,228.0,OTM_0
471,2023-02-17,4102.0,PUT,XSGE.RB2310,4100.0,0,1,SHFE.rb2310P4100,RB,251.0,ATM_0
472,2023-02-17,4102.0,PUT,XSGE.RB2310,4200.0,0,1,SHFE.rb2310P4200,RB,311.5,ITM_1
473,2023-02-17,4102.0,PUT,XSGE.RB2310,4000.0,0,1,SHFE.rb2310P4000,RB,207.5,OTM_1
474,2023-02-17,4102.0,PUT,XSGE.RB2310,4250.0,0,1,SHFE.rb2310P4250,RB,352.0,ITM_2
475,2023-02-17,4102.0,PUT,XSGE.RB2310,3950.0,0,1,SHFE.rb2310P3950,RB,188.5,OTM_2
476,2023-02-20,4127.0,CALL,XSGE.RB2310,4100.0,0,1,SHFE.rb2310C4100,RB,273.0,ITM_0
477,2023-02-20,4127.0,CALL,XSGE.RB2310,4200.0,0,1,SHFE.rb2310C4200,RB,230.0,OTM_0
478,2023-02-20,4127.0,CALL,XSGE.RB2310,4150.0,0,1,SHFE.rb2310C4150,RB,249.5,ATM_0
479,2023-02-20,4127.0,CALL,XSGE.RB2310,4050.0,0,1,SHFE.rb2310C4050,RB,292.5,ITM_1
480,2023-02-20,4127.0,CALL,XSGE.RB2310,4250.0,0,1,SHFE.rb2310C4250,RB,204.0,OTM_1
481,2023-02-20,4127.0,CALL,XSGE.RB2310,4000.0,0,1,SHFE.rb2310C4000,RB,328.0,ITM_2
482,2023-02-20,4127.0,CALL,XSGE.RB2310,4300.0,0,1,SHFE.rb2310C4300,RB,186.0,OTM_2
483,2023-02-20,4127.0,PUT,XSGE.RB2310,4200.0,0,1,SHFE.rb2310P4200,RB,293.5,ITM_0
484,2023-02-20,4127.0,PUT,XSGE.RB2310,4100.0,0,1,SHFE.rb2310P4100,RB,240.5,OTM_0
485,2023-02-20,4127.0,PUT,XSGE.RB2310,4150.0,0,1,SHFE.rb2310P4150,RB,265.5,ATM_0
486,2023-02-20,4127.0,PUT,XSGE.RB2310,4250.0,0,1,SHFE.rb2310P4250,RB,321.0,ITM_1
487,2023-02-20,4127.0,PUT,XSGE.RB2310,4050.0,0,1,SHFE.rb2310P4050,RB,219.0,OTM_1
488,2023-02-20,4127.0,PUT,XSGE.RB2310,4300.0,0,1,SHFE.rb2310P4300,RB,354.0,ITM_2
489,2023-02-20,4127.0,PUT,XSGE.RB2310,4000.0,0,1,SHFE.rb2310P4000,RB,194.5,OTM_2
490,2023-02-21,4195.0,CALL,XSGE.RB2310,4150.0,0,1,SHFE.rb2310C4150,RB,283.5,ITM_0
491,2023-02-21,4195.0,CALL,XSGE.RB2310,4250.0,0,1,SHFE.rb2310C4250,RB,236.5,OTM_0
492,2023-02-21,4195.0,CALL,XSGE.RB2310,4200.0,0,1,SHFE.rb2310C4200,RB,262.5,ATM_0
493,2023-02-21,4195.0,CALL,XSGE.RB2310,4100.0,0,1,SHFE.rb2310C4100,RB,310.5,ITM_1
494,2023-02-21,4195.0,CALL,XSGE.RB2310,4300.0,0,1,SHFE.rb2310C4300,RB,217.0,OTM_1
495,2023-02-21,4195.0,CALL,XSGE.RB2310,4050.0,0,1,SHFE.rb2310C4050,RB,338.0,ITM_2
496,2023-02-21,4195.0,CALL,XSGE.RB2310,4350.0,0,1,SHFE.rb2310C4350,RB,198.0,OTM_2
497,2023-02-21,4195.0,PUT,XSGE.RB2310,4250.0,0,1,SHFE.rb2310P4250,RB,288.0,ITM_0
498,2023-02-21,4195.0,PUT,XSGE.RB2310,4150.0,0,1,SHFE.rb2310P4150,RB,236.0,OTM_0
499,2023-02-21,4195.0,PUT,XSGE.RB2310,4200.0,0,1,SHFE.rb2310P4200,RB,261.5,ATM_0
500,2023-02-21,4195.0,PUT,XSGE.RB2310,4300.0,0,1,SHFE.rb2310P4300,RB,316.0,ITM_1
501,2023-02-21,4195.0,PUT,XSGE.RB2310,4100.0,0,1,SHFE.rb2310P4100,RB,212.5,OTM_1
502,2023-02-21,4195.0,PUT,XSGE.RB2310,4350.0,0,1,SHFE.rb2310P4350,RB,347.0,ITM_2
503,2023-02-21,4195.0,PUT,XSGE.RB2310,4050.0,0,1,SHFE.rb2310P4050,RB,194.5,OTM_2
504,2023-02-22,4183.0,CALL,XSGE.RB2310,4150.0,0,1,SHFE.rb2310C4150,RB,272.5,ITM_0
505,2023-02-22,4183.0,CALL,XSGE.RB2310,4250.0,0,1,SHFE.rb2310C4250,RB,227.5,OTM_0
506,2023-02-22,4183.0,CALL,XSGE.RB2310,4200.0,0,1,SHFE.rb2310C4200,RB,246.5,ATM_0
507,2023-02-22,4183.0,CALL,XSGE.RB2310,4100.0,0,1,SHFE.rb2310C4100,RB,295.5,ITM_1
508,2023-02-22,4183.0,CALL,XSGE.RB2310,4300.0,0,1,SHFE.rb2310C4300,RB,222.5,OTM_1
509,2023-02-22,4183.0,CALL,XSGE.RB2310,4050.0,0,1,SHFE.rb2310C4050,RB,327.0,ITM_2
510,2023-02-22,4183.0,CALL,XSGE.RB2310,4350.0,0,1,SHFE.rb2310C4350,RB,190.5,OTM_2
511,2023-02-22,4183.0,PUT,XSGE.RB2310,4250.0,0,1,SHFE.rb2310P4250,RB,293.0,ITM_0
512,2023-02-22,4183.0,PUT,XSGE.RB2310,4150.0,0,1,SHFE.rb2310P4150,RB,238.0,OTM_0
513,2023-02-22,4183.0,PUT,XSGE.RB2310,4200.0,0,1,SHFE.rb2310P4200,RB,265.5,ATM_0
514,2023-02-22,4183.0,PUT,XSGE.RB2310,4300.0,0,1,SHFE.rb2310P4300,RB,322.0,ITM_1
515,2023-02-22,4183.0,PUT,XSGE.RB2310,4100.0,0,1,SHFE.rb2310P4100,RB,216.0,OTM_1
516,2023-02-22,4183.0,PUT,XSGE.RB2310,4350.0,0,1,SHFE.rb2310P4350,RB,351.0,ITM_2
517,2023-02-22,4183.0,PUT,XSGE.RB2310,4050.0,0,1,SHFE.rb2310P4050,RB,192.5,OTM_2
518,2023-02-23,4171.0,CALL,XSGE.RB2310,4150.0,0,1,SHFE.rb2310C4150,RB,265.0,ITM_0
519,2023-02-23,4171.0,CALL,XSGE.RB2310,4250.0,0,1,SHFE.rb2310C4250,RB,218.5,OTM_0
520,2023-02-23,4171.0,CALL,XSGE.RB2310,4200.0,0,1,SHFE.rb2310C4200,RB,242.5,ATM_0
521,2023-02-23,4171.0,CALL,XSGE.RB2310,4100.0,0,1,SHFE.rb2310C4100,RB,291.5,ITM_1
522,2023-02-23,4171.0,CALL,XSGE.RB2310,4300.0,0,1,SHFE.rb2310C4300,RB,204.5,OTM_1
523,2023-02-23,4171.0,CALL,XSGE.RB2310,4050.0,0,1,SHFE.rb2310C4050,RB,317.5,ITM_2
524,2023-02-23,4171.0,CALL,XSGE.RB2310,4350.0,0,1,SHFE.rb2310C4350,RB,184.5,OTM_2
525,2023-02-23,4171.0,PUT,XSGE.RB2310,4250.0,0,1,SHFE.rb2310P4250,RB,286.0,ITM_0
526,2023-02-23,4171.0,PUT,XSGE.RB2310,4150.0,0,1,SHFE.rb2310P4150,RB,239.5,OTM_0
527,2023-02-23,4171.0,PUT,XSGE.RB2310,4200.0,0,1,SHFE.rb2310P4200,RB,267.0,ATM_0
528,2023-02-23,4171.0,PUT,XSGE.RB2310,4300.0,0,1,SHFE.rb2310P4300,RB,321.0,ITM_1
529,2023-02-23,4171.0,PUT,XSGE.RB2310,4100.0,0,1,SHFE.rb2310P4100,RB,215.5,OTM_1
530,2023-02-23,4171.0,PUT,XSGE.RB2310,4350.0,0,1,SHFE.rb2310P4350,RB,350.0,ITM_2
531,2023-02-23,4171.0,PUT,XSGE.RB2310,4050.0,0,1,SHFE.rb2310P4050,RB,189.0,OTM_2
532,2023-02-24,4164.0,CALL,XSGE.RB2310,4100.0,0,1,SHFE.rb2310C4100,RB,269.0,ITM_0
533,2023-02-24,4164.0,CALL,XSGE.RB2310,4200.0,0,1,SHFE.rb2310C4200,RB,223.0,OTM_0
534,2023-02-24,4164.0,CALL,XSGE.RB2310,4150.0,0,1,SHFE.rb2310C4150,RB,247.5,ATM_0
535,2023-02-24,4164.0,CALL,XSGE.RB2310,4050.0,0,1,SHFE.rb2310C4050,RB,307.5,ITM_1
536,2023-02-24,4164.0,CALL,XSGE.RB2310,4250.0,0,1,SHFE.rb2310C4250,RB,212.0,OTM_1
537,2023-02-24,4164.0,CALL,XSGE.RB2310,4000.0,0,1,SHFE.rb2310C4000,RB,325.0,ITM_2
538,2023-02-24,4164.0,CALL,XSGE.RB2310,4300.0,0,1,SHFE.rb2310C4300,RB,187.5,OTM_2
539,2023-02-24,4164.0,PUT,XSGE.RB2310,4200.0,0,1,SHFE.rb2310P4200,RB,267.0,ITM_0
540,2023-02-24,4164.0,PUT,XSGE.RB2310,4100.0,0,1,SHFE.rb2310P4100,RB,222.5,OTM_0
541,2023-02-24,4164.0,PUT,XSGE.RB2310,4150.0,0,1,SHFE.rb2310P4150,RB,247.0,ATM_0
542,2023-02-24,4164.0,PUT,XSGE.RB2310,4250.0,0,1,SHFE.rb2310P4250,RB,302.0,ITM_1
543,2023-02-24,4164.0,PUT,XSGE.RB2310,4050.0,0,1,SHFE.rb2310P4050,RB,200.0,OTM_1
544,2023-02-24,4164.0,PUT,XSGE.RB2310,4300.0,0,1,SHFE.rb2310P4300,RB,328.0,ITM_2
545,2023-02-24,4164.0,PUT,XSGE.RB2310,4000.0,0,1,SHFE.rb2310P4000,RB,174.5,OTM_2
546,2023-02-27,4140.0,CALL,XSGE.RB2310,4100.0,0,1,SHFE.rb2310C4100,RB,269.5,ITM_0
547,2023-02-27,4140.0,CALL,XSGE.RB2310,4200.0,0,1,SHFE.rb2310C4200,RB,219.0,OTM_0
548,2023-02-27,4140.0,CALL,XSGE.RB2310,4150.0,0,1,SHFE.rb2310C4150,RB,243.0,ATM_0
549,2023-02-27,4140.0,CALL,XSGE.RB2310,4050.0,0,1,SHFE.rb2310C4050,RB,292.0,ITM_1
550,2023-02-27,4140.0,CALL,XSGE.RB2310,4250.0,0,1,SHFE.rb2310C4250,RB,197.5,OTM_1
551,2023-02-27,4140.0,CALL,XSGE.RB2310,4000.0,0,1,SHFE.rb2310C4000,RB,313.5,ITM_2
552,2023-02-27,4140.0,CALL,XSGE.RB2310,4300.0,0,1,SHFE.rb2310C4300,RB,179.0,OTM_2
553,2023-02-27,4140.0,PUT,XSGE.RB2310,4200.0,0,1,SHFE.rb2310P4200,RB,279.5,ITM_0
554,2023-02-27,4140.0,PUT,XSGE.RB2310,4100.0,0,1,SHFE.rb2310P4100,RB,228.5,OTM_0
555,2023-02-27,4140.0,PUT,XSGE.RB2310,4150.0,0,1,SHFE.rb2310P4150,RB,256.5,ATM_0
556,2023-02-27,4140.0,PUT,XSGE.RB2310,4250.0,0,1,SHFE.rb2310P4250,RB,314.0,ITM_1
557,2023-02-27,4140.0,PUT,XSGE.RB2310,4050.0,0,1,SHFE.rb2310P4050,RB,210.5,OTM_1
558,2023-02-27,4140.0,PUT,XSGE.RB2310,4300.0,0,1,SHFE.rb2310P4300,RB,335.0,ITM_2
559,2023-02-27,4140.0,PUT,XSGE.RB2310,4000.0,0,1,SHFE.rb2310P4000,RB,183.0,OTM_2
560,2023-02-28,4126.0,CALL,XSGE.RB2310,4050.0,0,1,SHFE.rb2310C4050,RB,281.0,ITM_0
561,2023-02-28,4126.0,CALL,XSGE.RB2310,4150.0,0,1,SHFE.rb2310C4150,RB,227.5,OTM_0
562,2023-02-28,4126.0,CALL,XSGE.RB2310,4100.0,0,1,SHFE.rb2310C4100,RB,251.5,ATM_0
563,2023-02-28,4126.0,CALL,XSGE.RB2310,4000.0,0,1,SHFE.rb2310C4000,RB,300.0,ITM_1
564,2023-02-28,4126.0,CALL,XSGE.RB2310,4200.0,0,1,SHFE.rb2310C4200,RB,209.0,OTM_1
565,2023-02-28,4126.0,CALL,XSGE.RB2310,3950.0,0,1,SHFE.rb2310C3950,RB,339.0,ITM_2
566,2023-02-28,4126.0,CALL,XSGE.RB2310,4250.0,0,1,SHFE.rb2310C4250,RB,188.0,OTM_2
567,2023-02-28,4126.0,PUT,XSGE.RB2310,4150.0,0,1,SHFE.rb2310P4150,RB,258.0,ITM_0
568,2023-02-28,4126.0,PUT,XSGE.RB2310,4050.0,0,1,SHFE.rb2310P4050,RB,211.0,OTM_0
569,2023-02-28,4126.0,PUT,XSGE.RB2310,4100.0,0,1,SHFE.rb2310P4100,RB,234.5,ATM_0
570,2023-02-28,4126.0,PUT,XSGE.RB2310,4200.0,0,1,SHFE.rb2310P4200,RB,280.0,ITM_1
571,2023-02-28,4126.0,PUT,XSGE.RB2310,4000.0,0,1,SHFE.rb2310P4000,RB,194.0,OTM_1
572,2023-02-28,4126.0,PUT,XSGE.RB2310,4250.0,0,1,SHFE.rb2310P4250,RB,316.0,ITM_2
573,2023-02-28,4126.0,PUT,XSGE.RB2310,3950.0,0,1,SHFE.rb2310P3950,RB,173.0,OTM_2
574,2023-03-01,4160.0,CALL,XSGE.RB2310,4100.0,0,1,SHFE.rb2310C4100,RB,279.0,ITM_0
575,2023-03-01,4160.0,CALL,XSGE.RB2310,4200.0,0,1,SHFE.rb2310C4200,RB,226.0,OTM_0
576,2023-03-01,4160.0,CALL,XSGE.RB2310,4150.0,0,1,SHFE.rb2310C4150,RB,248.0,ATM_0
577,2023-03-01,4160.0,CALL,XSGE.RB2310,4050.0,0,1,SHFE.rb2310C4050,RB,300.5,ITM_1
578,2023-03-01,4160.0,CALL,XSGE.RB2310,4250.0,0,1,SHFE.rb2310C4250,RB,207.0,OTM_1
579,2023-03-01,4160.0,CALL,XSGE.RB2310,4000.0,0,1,SHFE.rb2310C4000,RB,333.0,ITM_2
580,2023-03-01,4160.0,CALL,XSGE.RB2310,4300.0,0,1,SHFE.rb2310C4300,RB,179.0,OTM_2
581,2023-03-01,4160.0,PUT,XSGE.RB2310,4200.0,0,1,SHFE.rb2310P4200,RB,268.0,ITM_0
582,2023-03-01,4160.0,PUT,XSGE.RB2310,4100.0,0,1,SHFE.rb2310P4100,RB,214.0,OTM_0
583,2023-03-01,4160.0,PUT,XSGE.RB2310,4150.0,0,1,SHFE.rb2310P4150,RB,241.5,ATM_0
584,2023-03-01,4160.0,PUT,XSGE.RB2310,4250.0,0,1,SHFE.rb2310P4250,RB,294.5,ITM_1
585,2023-03-01,4160.0,PUT,XSGE.RB2310,4050.0,0,1,SHFE.rb2310P4050,RB,193.5,OTM_1
586,2023-03-01,4160.0,PUT,XSGE.RB2310,4300.0,0,1,SHFE.rb2310P4300,RB,321.0,ITM_2
587,2023-03-01,4160.0,PUT,XSGE.RB2310,4000.0,0,1,SHFE.rb2310P4000,RB,173.0,OTM_2
