品种代码,合约类型,年化夏普比率,年化收益率,波动率,最大回撤率,卡玛比率,持有天数,分位数计算回望窗口,分位数参数组合
A,虚值一档,1.1103151214062457,0.0243058505807868,0.0218909479950185,0.0078077414552101,3.113045010547512,1,20,"(0.6, 0.4)"
A,平值期权,1.8006146100826648,0.0573761878007392,0.0318647796588217,0.0113827055179923,5.040645891264263,1,20,"(0.6, 0.4)"
AG,虚值一档,-4.124813626834033,-0.1179219628705387,0.0285884341787943,0.0206367935678114,-5.71416109208309,1,20,"(0.6, 0.4)"
AG,平值期权,-4.032821258221231,-0.1334063385080113,0.0330801515777699,0.0233905356589249,-5.703432381939007,1,20,"(0.6, 0.4)"
AL,虚值一档,-0.1025660789497911,-0.0058483573874264,0.057020385758233,0.0698165946594859,-0.0837674397605679,1,20,"(0.6, 0.4)"
AL,平值期权,0.0502017842579431,0.0033062028417111,0.065858273576959,0.0585748076787805,0.0564441092123092,1,20,"(0.6, 0.4)"
AU,虚值一档,0.0540886265247598,0.0018778246018347,0.0347175501114841,0.0569402144997261,0.0329788817680644,1,20,"(0.6, 0.4)"
AU,平值期权,-0.2950571649054408,-0.0100470483662734,0.0340511926544584,0.0612339718833639,-0.1640763788017978,1,20,"(0.6, 0.4)"
B,虚值一档,-2.256120981738477,-0.1238629580810225,0.0549008493266077,0.0443959550945662,-2.789960432593157,1,20,"(0.6, 0.4)"
B,平值期权,-2.967478611420944,-0.1760030019955379,0.0593106219260198,0.0567665707185141,-3.100469162885959,1,20,"(0.6, 0.4)"
C,虚值一档,1.020149239071497,0.0246683194481158,0.0241810889067251,0.0253465397740549,0.9732420941089028,1,20,"(0.6, 0.4)"
C,平值期权,1.0103630502579048,0.0274396859948074,0.0271582437499107,0.0257950990362823,1.0637557916025826,1,20,"(0.6, 0.4)"
CU,虚值一档,-0.0323417460474984,-0.0015397306323312,0.0476081479976347,0.0730332761674872,-0.0210825901990232,1,20,"(0.6, 0.4)"
CU,平值期权,0.0893970928301844,0.0051829015975033,0.0579761761084182,0.0966539758630843,0.0536232633083325,1,20,"(0.6, 0.4)"
I,虚值一档,-0.6670294967898672,-0.0763219243548542,0.1144206136642526,0.2139539082058575,-0.3567213377631805,1,20,"(0.6, 0.4)"
I,平值期权,-0.6917824687372269,-0.0854958579876209,0.1235877777355131,0.2501831349723808,-0.3417330988240248,1,20,"(0.6, 0.4)"
L,虚值一档,0.337710637092514,0.0190567176303388,0.0564291305550981,0.057389197117836,0.3320610600495083,1,20,"(0.6, 0.4)"
L,平值期权,0.8154538390386686,0.0540730524179805,0.0663103781346186,0.0524271147238667,1.0313947792622764,1,20,"(0.6, 0.4)"
M,虚值一档,0.6700650175950498,0.0285803847504899,0.0426531515599317,0.0528480831389603,0.540802675384457,1,20,"(0.6, 0.4)"
M,平值期权,0.7487224744219205,0.0377316456984097,0.0503947016249804,0.0584663299218989,0.645356836127952,1,20,"(0.6, 0.4)"
P,虚值一档,-0.94678051315945,-0.1182057911517791,0.1248502578040193,0.2094965722078802,-0.5642373519815175,1,20,"(0.6, 0.4)"
P,平值期权,-0.3260234720419129,-0.0343363403028518,0.105318614294242,0.1580917622615536,-0.2171924698141093,1,20,"(0.6, 0.4)"
PG,虚值一档,0.5050279081960902,0.0492277070295703,0.0974752211326436,0.0689667409918391,0.7137890861827941,1,20,"(0.6, 0.4)"
PG,平值期权,0.3675194888802005,0.0443200843960552,0.1205924739694612,0.0894503748275069,0.4954711982092932,1,20,"(0.6, 0.4)"
PP,虚值一档,-0.3143680317994597,-0.0191475971424772,0.0609082196840289,0.1044673103485389,-0.1832879307277492,1,20,"(0.6, 0.4)"
PP,平值期权,-0.2364525410128874,-0.0163652318383819,0.0692114864500019,0.1094794786855831,-0.1494821863865619,1,20,"(0.6, 0.4)"
RB,虚值一档,-0.6282975639844008,-0.0208383499869184,0.0331663708112606,0.0103483853943802,-2.0136812838681952,1,20,"(0.6, 0.4)"
RB,平值期权,-0.6328422412370635,-0.0215378137039558,0.034033464109245,0.0094845049657114,-2.2708421558974137,1,20,"(0.6, 0.4)"
RU,虚值一档,0.1718392975727533,0.0095308506877067,0.0554637432899865,0.1050739518151421,0.0907061219556539,1,20,"(0.6, 0.4)"
RU,平值期权,0.1938567237066165,0.0111961941703924,0.0577549953198262,0.1096130277448558,0.1021429149503438,1,20,"(0.6, 0.4)"
SC,虚值一档,0.4528624836480259,0.0462603040511333,0.1021508862436214,0.101961143813092,0.4537052284930668,1,20,"(0.6, 0.4)"
SC,平值期权,0.5436394972775141,0.0649197932420547,0.1194169915305377,0.1078974436153502,0.6016805502222184,1,20,"(0.6, 0.4)"
V,虚值一档,1.1103913380789283,0.0713017912902915,0.0642132092039277,0.0667067326785549,1.0688844802799606,1,20,"(0.6, 0.4)"
V,平值期权,0.7980285986384743,0.0580354794143242,0.0727235584205117,0.0791521347969277,0.7332143291298423,1,20,"(0.6, 0.4)"
Y,虚值一档,-2.1696128202280844,-0.0968447043990601,0.0446368603172611,0.0528928747685665,-1.83095936499586,1,20,"(0.6, 0.4)"
Y,平值期权,-1.7797047824167875,-0.0857391809219783,0.0481760692947888,0.0496508991116642,-1.726840449135716,1,20,"(0.6, 0.4)"
ZN,虚值一档,-1.1495381512674987,-0.0603890224751522,0.0525332912253206,0.1414367961004998,-0.4269682581910438,1,20,"(0.6, 0.4)"
ZN,平值期权,-0.975743620266564,-0.0536823804319908,0.0550168910326314,0.1301342954923362,-0.4125152422648823,1,20,"(0.6, 0.4)"
A,虚值一档,-0.1635935847890919,-0.0054948426515567,0.0335883748659264,0.0156433960783016,-0.3512563783498659,3,20,"(0.6, 0.4)"
A,平值期权,-0.1375267278824684,-0.0059787433318137,0.0434733191421761,0.0221699730749128,-0.2696775188499982,3,20,"(0.6, 0.4)"
AG,虚值一档,0.5156810586586839,0.0271491296666167,0.0526471337481993,0.0171325617651992,1.584650914363768,3,20,"(0.6, 0.4)"
AG,平值期权,0.4590910630466158,0.0278695072800686,0.060705837084088,0.0185338205156075,1.5037108650426032,3,20,"(0.6, 0.4)"
AL,虚值一档,0.2572279181595499,0.0213759956663548,0.0831013826932114,0.1245495655665743,0.171626416913746,3,20,"(0.6, 0.4)"
AL,平值期权,0.4504149884961389,0.0414269937701406,0.0919751669642667,0.1170888444851911,0.3538082039521719,3,20,"(0.6, 0.4)"
AU,虚值一档,0.8212222258067129,0.0341018303527623,0.0415257031301886,0.0520654847202159,0.6549795999406349,3,20,"(0.6, 0.4)"
AU,平值期权,0.7573139218186484,0.0302349623398824,0.0399239489316066,0.0487159065909873,0.620638400383912,3,20,"(0.6, 0.4)"
B,虚值一档,-1.1865090063719783,-0.0752006159386845,0.063379726183982,0.0483675705882626,-1.5547734778503317,3,20,"(0.6, 0.4)"
B,平值期权,-1.3379527366340405,-0.0908407568567835,0.0678953406719855,0.0603918078882325,-1.504190055460885,3,20,"(0.6, 0.4)"
C,虚值一档,1.4089401124703809,0.0443170000204396,0.0314541403344219,0.0248546223093413,1.783048620448502,3,20,"(0.6, 0.4)"
C,平值期权,1.4004560829996584,0.0499546578500049,0.0356702780304301,0.0273367578807156,1.8273804841079848,3,20,"(0.6, 0.4)"
CU,虚值一档,0.0469656382810722,0.0031123087782567,0.066267784111241,0.0791867141723805,0.0393034211708997,3,20,"(0.6, 0.4)"
CU,平值期权,-0.0368980745442362,-0.0026406438330562,0.0715658978327023,0.1001414206622637,-0.0263691469083713,3,20,"(0.6, 0.4)"
I,虚值一档,-0.0548805809618768,-0.0084841274372359,0.154592522319134,0.2541589467497852,-0.0333811874251606,3,20,"(0.6, 0.4)"
I,平值期权,-0.1821528350264961,-0.0306743030018217,0.1683987130771796,0.2964697122260227,-0.1034652166371594,3,20,"(0.6, 0.4)"
L,虚值一档,-0.0609247840627999,-0.0049737590359136,0.0816376965864459,0.1024516695146452,-0.0485473693057057,3,20,"(0.6, 0.4)"
L,平值期权,0.3231642079980101,0.030039160501276,0.0929532409772959,0.0880878288848014,0.341013745957575,3,20,"(0.6, 0.4)"
M,虚值一档,-0.1081267608154584,-0.0061424794438014,0.0568081333194182,0.0847968273565106,-0.0724376092277206,3,20,"(0.6, 0.4)"
M,平值期权,-0.1835528973250342,-0.0121551904763815,0.0662217303759428,0.0987008528234225,-0.1231518282636055,3,20,"(0.6, 0.4)"
P,虚值一档,-0.8817645605077371,-0.130857522995804,0.1484041532815219,0.2240165974093335,-0.5841420881716862,3,20,"(0.6, 0.4)"
P,平值期权,-0.2725524979865915,-0.0369379336245106,0.1355259404972611,0.104783254632763,-0.3525175253810177,3,20,"(0.6, 0.4)"
PG,虚值一档,0.1347811496590796,0.0163760575138861,0.1215010968173838,0.1177992661589247,0.1390166343803275,3,20,"(0.6, 0.4)"
PG,平值期权,0.1897685821135986,0.0311917696951829,0.1643674065947917,0.115426617001721,0.2702303030740119,3,20,"(0.6, 0.4)"
PP,虚值一档,-0.1957858182737936,-0.0154444807305996,0.0788845732891724,0.090205544676112,-0.1712143171027227,3,20,"(0.6, 0.4)"
PP,平值期权,-0.0309389452962826,-0.0027317270153641,0.0882941221558823,0.090709967621854,-0.0301149596563851,3,20,"(0.6, 0.4)"
RB,虚值一档,-2.420568535383761,-0.0922955484091121,0.038129698481964,0.0195026792020887,-4.732454831089433,3,20,"(0.6, 0.4)"
RB,平值期权,-2.6637672559326364,-0.1161692274805497,0.0436108774975825,0.0233100960903764,-4.98364429859686,3,20,"(0.6, 0.4)"
RU,虚值一档,0.43425181372491,0.0324142950432712,0.0746440061245317,0.056438171826314,0.5743328317406301,3,20,"(0.6, 0.4)"
RU,平值期权,0.3523771765211329,0.0276721640179822,0.0785299555753797,0.061096072072049,0.4529286921317825,3,20,"(0.6, 0.4)"
SC,虚值一档,0.7784629696906294,0.1056308826033537,0.1356915957676609,0.1297971345260582,0.8138152124009116,3,20,"(0.6, 0.4)"
SC,平值期权,1.0897863187045993,0.1683646645262844,0.1544932815145038,0.1039456880492903,1.6197368807299346,3,20,"(0.6, 0.4)"
V,虚值一档,-0.6932489071198036,-0.0622709699611285,0.0898248368249749,0.2237745806151273,-0.2782754403558873,3,20,"(0.6, 0.4)"
V,平值期权,-1.0315154824110924,-0.1064598919357602,0.1032072651851215,0.2594494540754279,-0.4103299901521854,3,20,"(0.6, 0.4)"
Y,虚值一档,-1.865431236172148,-0.1136904637424595,0.0609459419022872,0.0741514333697297,-1.533220041419597,3,20,"(0.6, 0.4)"
Y,平值期权,-2.0498894430496746,-0.142983260419325,0.069751693636026,0.0920640063285171,-1.5530853600820913,3,20,"(0.6, 0.4)"
ZN,虚值一档,-0.2908973579892601,-0.0247255145809549,0.0849973844790567,0.1131850068680483,-0.2184522072767119,3,20,"(0.6, 0.4)"
ZN,平值期权,-0.3318960962803045,-0.0292058402230998,0.0879969380490511,0.1201105966388333,-0.2431578981404976,3,20,"(0.6, 0.4)"
A,虚值一档,0.5710365197602081,0.0216488632658866,0.0379115214469602,0.0144023217528411,1.5031509250663675,5,20,"(0.6, 0.4)"
A,平值期权,0.6034888226435001,0.0294379600921951,0.0487796277041987,0.0150938008684741,1.9503344683499275,5,20,"(0.6, 0.4)"
AG,虚值一档,2.6323554815249324,0.1220003327297897,0.0463464503886513,0.0069035613825826,17.672086328889737,5,20,"(0.6, 0.4)"
AG,平值期权,2.2117063258375302,0.1191937519679609,0.053892214610737,0.0077998618483672,15.281520914746997,5,20,"(0.6, 0.4)"
AL,虚值一档,-0.1668813651379323,-0.0163776036201126,0.0981391997037898,0.1173323612242436,-0.1395830054831337,5,20,"(0.6, 0.4)"
AL,平值期权,-0.0666274730025461,-0.0068711495849232,0.1031278731621814,0.0943131257259668,-0.0728546480888337,5,20,"(0.6, 0.4)"
AU,虚值一档,0.7484604816507688,0.0363711835970035,0.048594661292985,0.0523465267168762,0.6948156043613427,5,20,"(0.6, 0.4)"
AU,平值期权,0.5823043723882457,0.028527669941004,0.0489909938749069,0.0440758221111463,0.6472407904058062,5,20,"(0.6, 0.4)"
B,虚值一档,1.238154159661392,0.0909084359276872,0.0734225501875701,0.0189581327879443,4.795220971629485,5,20,"(0.6, 0.4)"
B,平值期权,1.1428081734120763,0.0861588507864532,0.0753922248641337,0.0215031069355778,4.006809390130478,5,20,"(0.6, 0.4)"
C,虚值一档,0.9632382887514824,0.0329987878866125,0.0342581771011038,0.0321796212448554,1.025456068470293,5,20,"(0.6, 0.4)"
C,平值期权,0.9170455052233908,0.0352666938296102,0.0384568635130263,0.0370373562056134,0.95219252783127,5,20,"(0.6, 0.4)"
CU,虚值一档,-0.3817960511060815,-0.0306441594515438,0.0802631650137979,0.1280678909579016,-0.2392805817472016,5,20,"(0.6, 0.4)"
CU,平值期权,-0.4013255485334463,-0.0353201257933411,0.0880086650909981,0.1523630416472746,-0.2318155729334179,5,20,"(0.6, 0.4)"
I,虚值一档,-1.0390810133717605,-0.1724471795880955,0.1659612459172109,0.4680573512036724,-0.3684317298822984,5,20,"(0.6, 0.4)"
I,平值期权,-1.133612845617562,-0.1979986161151558,0.1746615847558533,0.5371099837648512,-0.368637005641363,5,20,"(0.6, 0.4)"
L,虚值一档,1.6925637813507686,0.1350766279489554,0.0798059307644856,0.0448395885277845,3.012441290919876,5,20,"(0.6, 0.4)"
L,平值期权,1.762227244707795,0.1711145366077068,0.0971012887932511,0.0484041684322529,3.5351198491758176,5,20,"(0.6, 0.4)"
M,虚值一档,-1.1835669616698836,-0.0866607114707061,0.0732199480698897,0.2101321741354315,-0.4124104831983166,5,20,"(0.6, 0.4)"
M,平值期权,-1.2036947634818125,-0.1024148146361461,0.0850837087135783,0.2529371219821155,-0.4049022691235793,5,20,"(0.6, 0.4)"
P,虚值一档,0.19488359885789,0.0354453470103312,0.1818795794928752,0.1746249811244913,0.2029798187068205,5,20,"(0.6, 0.4)"
P,平值期权,0.2974272453639812,0.0448045702077441,0.1506404369677493,0.0993221171746057,0.4511036562881442,5,20,"(0.6, 0.4)"
PG,虚值一档,-0.4870097466838627,-0.0637887428746051,0.1309804235109342,0.1568177409784567,-0.4067699386344834,5,20,"(0.6, 0.4)"
PG,平值期权,0.1684274342828194,0.0288804784485393,0.171471343558223,0.1395687338426483,0.2069265633741407,5,20,"(0.6, 0.4)"
PP,虚值一档,0.3980200932481271,0.0326872639518439,0.0821246577907478,0.0870815466751278,0.3753638422820999,5,20,"(0.6, 0.4)"
PP,平值期权,0.4193571197621478,0.0400677248275271,0.0955455933364214,0.0952012080347418,0.4208741218168704,5,20,"(0.6, 0.4)"
RB,虚值一档,1.1751354244689869,0.0441039864921235,0.0375309820245211,0.0081023369022998,5.443366157682782,5,20,"(0.6, 0.4)"
RB,平值期权,1.1996115697855525,0.0464094158124896,0.0386870358551026,0.0060001301385167,7.734734870927684,5,20,"(0.6, 0.4)"
RU,虚值一档,0.5837911953414292,0.0451089308608682,0.0772689468783207,0.0488262186717259,0.9238669732782256,5,20,"(0.6, 0.4)"
RU,平值期权,0.6260309582114428,0.0506925565946798,0.0809745203967346,0.0595756016543331,0.8508945807850308,5,20,"(0.6, 0.4)"
SC,虚值一档,1.3494742113962104,0.1928397918371139,0.1428999459260474,0.1262851258155723,1.5270190419633305,5,20,"(0.6, 0.4)"
SC,平值期权,1.4107161520434452,0.229572821715515,0.1627349494673149,0.1301228116709425,1.7642780598383003,5,20,"(0.6, 0.4)"
V,虚值一档,-0.0828097011161223,-0.009413008558323,0.1136703602531225,0.2365944448654854,-0.0397854166173459,5,20,"(0.6, 0.4)"
V,平值期权,-0.2784103206763896,-0.0354894539685562,0.127471761399993,0.2879549017915573,-0.1232465700279904,5,20,"(0.6, 0.4)"
Y,虚值一档,-0.526262123792894,-0.0299009300547797,0.0568175604949046,0.0577731734890869,-0.5175573410456303,5,20,"(0.6, 0.4)"
Y,平值期权,-0.7265391336295969,-0.046069870953988,0.0634100337084875,0.0625102585289283,-0.7369969671884808,5,20,"(0.6, 0.4)"
ZN,虚值一档,-0.0070716123699887,-0.0005817823817903,0.0822701176692614,0.078151536903788,-0.0074442858687041,5,20,"(0.6, 0.4)"
ZN,平值期权,-0.0790044586368197,-0.007206270616506,0.0912134674529319,0.0719665478395301,-0.1001336153093586,5,20,"(0.6, 0.4)"
A,虚值一档,0.7735731422274205,0.0227630075207592,0.0294257986455108,0.0117982503401207,1.929354511435661,1,20,"(0.7, 0.3)"
A,平值期权,1.8510110697987876,0.0563601265603709,0.0304482925466769,0.010425996967757,5.405730189128935,1,20,"(0.7, 0.3)"
AG,虚值一档,-1.0796705547804666,-0.0351208297418761,0.0325292095689479,0.0146831471305723,-2.391914310301336,1,20,"(0.7, 0.3)"
AG,平值期权,-1.1578521958014518,-0.0416702293497095,0.0359892475920606,0.0164866387946303,-2.5275151514377554,1,20,"(0.7, 0.3)"
AL,虚值一档,0.1890126220829434,0.0108673322332786,0.0574952726094122,0.0690659345106901,0.1573472119109107,1,20,"(0.7, 0.3)"
AL,平值期权,0.374408209263894,0.0247717095815439,0.0661623035195901,0.0780490473818167,0.3173864436853471,1,20,"(0.7, 0.3)"
AU,虚值一档,1.4181831592535483,0.0512157516990967,0.0361136369198276,0.0166498483207149,3.076049145467389,1,20,"(0.7, 0.3)"
AU,平值期权,1.0602658289069868,0.0382566415552061,0.0360821225320864,0.0225251055051523,1.6984001050053013,1,20,"(0.7, 0.3)"
B,虚值一档,-1.6835999551752885,-0.0520347569242593,0.0309068414763896,0.0215039986489652,-2.419771214353347,1,20,"(0.7, 0.3)"
B,平值期权,-1.13555615631386,-0.048128299165113,0.0423830198951523,0.0325461370188202,-1.4787714786944524,1,20,"(0.7, 0.3)"
C,虚值一档,1.3689735119213278,0.0329451883030703,0.0240656141380211,0.0254375221304641,1.295141410948004,1,20,"(0.7, 0.3)"
C,平值期权,1.267894863237667,0.0354836689831976,0.0279862865699979,0.0267598041600594,1.3260063029967588,1,20,"(0.7, 0.3)"
CU,虚值一档,-0.9618638893959368,-0.0461359434339627,0.0479651476082928,0.1408797448039971,-0.3274845755729516,1,20,"(0.7, 0.3)"
CU,平值期权,-0.7127427124391992,-0.0372475122902185,0.0522594081148124,0.1420237849511639,-0.2622624957011701,1,20,"(0.7, 0.3)"
I,虚值一档,-0.7911631274413853,-0.096883342442638,0.1224568474973775,0.2891359885266588,-0.3350788081979122,1,20,"(0.7, 0.3)"
I,平值期权,-0.9016125658560578,-0.1183863553650594,0.1313051302170512,0.3351681434848993,-0.3532148196846553,1,20,"(0.7, 0.3)"
L,虚值一档,0.7534592332441292,0.0467291829779721,0.0620195239718183,0.0681123474696312,0.6860603798570725,1,20,"(0.7, 0.3)"
L,平值期权,1.3584818105261824,0.0928329426011824,0.0683358009521123,0.0626465478533302,1.4818524848093046,1,20,"(0.7, 0.3)"
M,虚值一档,0.0408247020195655,0.0015918960307482,0.0389934513174239,0.0601262202360175,0.0264759039317537,1,20,"(0.7, 0.3)"
M,平值期权,0.1340586524893375,0.0060486090562189,0.0451191246808933,0.0643245089294887,0.0940327280671405,1,20,"(0.7, 0.3)"
P,虚值一档,-1.156682703453373,-0.1429988614089958,0.1236284254809558,0.2406100584146351,-0.5943178865888092,1,20,"(0.7, 0.3)"
P,平值期权,-0.8439933918126165,-0.0866026469570004,0.1026105746764282,0.1560588709514645,-0.5549357523157685,1,20,"(0.7, 0.3)"
PG,虚值一档,0.4194404032870124,0.0384151439553095,0.0915866560642776,0.0797759472181712,0.4815379233323519,1,20,"(0.7, 0.3)"
PG,平值期权,0.7717126417793247,0.0740445200626542,0.0959483051773403,0.0763640838058585,0.9696249384841517,1,20,"(0.7, 0.3)"
PP,虚值一档,0.0709468847636196,0.0042382167037988,0.0597378830362984,0.0722816755104736,0.0586347324389946,1,20,"(0.7, 0.3)"
PP,平值期权,0.1192019262611098,0.0083666290924038,0.0701887071361321,0.0708978106326508,0.1180096961774266,1,20,"(0.7, 0.3)"
RB,虚值一档,-0.432319710713982,-0.0143900543599585,0.0332856772507392,0.0103483853943802,-1.3905603445899115,1,20,"(0.7, 0.3)"
RB,平值期权,-0.653905513237918,-0.0222542909958407,0.0340328847904111,0.0094845049657114,-2.3463840312483333,1,20,"(0.7, 0.3)"
RU,虚值一档,-0.5009767308032381,-0.0287720658980637,0.0574319407049749,0.117185393365668,-0.2455260427234538,1,20,"(0.7, 0.3)"
RU,平值期权,-0.4427931759586226,-0.0267756629338632,0.0604699087240797,0.1075115025210762,-0.2490492859460714,1,20,"(0.7, 0.3)"
SC,虚值一档,0.3645194445240851,0.0344455831269448,0.0944958729757663,0.0648808480767473,0.5309052539849556,1,20,"(0.7, 0.3)"
SC,平值期权,0.3588532718548662,0.0398107925024704,0.1109389146619552,0.0725589816536189,0.5486680159393446,1,20,"(0.7, 0.3)"
V,虚值一档,0.6908055134493865,0.0456928306245175,0.0661442761166747,0.0877040900016143,0.5209885949865783,1,20,"(0.7, 0.3)"
V,平值期权,0.768610708132159,0.0597546564300404,0.0777437209732002,0.091084564234394,0.6560349377779284,1,20,"(0.7, 0.3)"
Y,虚值一档,-2.272854648943782,-0.1101947959115505,0.0484829929457914,0.0614014859726027,-1.794660082994071,1,20,"(0.7, 0.3)"
Y,平值期权,-2.302680467774576,-0.1319073980086138,0.0572842823199415,0.0760886850811467,-1.7336007038094796,1,20,"(0.7, 0.3)"
ZN,虚值一档,-0.8482297690424885,-0.0481917880882707,0.0568145446518239,0.1489198000976681,-0.3236090033472009,1,20,"(0.7, 0.3)"
ZN,平值期权,-0.493283236040208,-0.0295617669245776,0.0599285861848507,0.1171874328265302,-0.2522605556889131,1,20,"(0.7, 0.3)"
A,虚值一档,1.0798207051156137,0.0450596153562768,0.041728793625468,0.0139370780514156,3.233074765746895,3,20,"(0.7, 0.3)"
A,平值期权,2.189989477686073,0.1080294517274606,0.0493287537808646,0.0108702966797135,9.938040783106556,3,20,"(0.7, 0.3)"
AG,虚值一档,1.1920556894120748,0.055933638866213,0.0469220015163885,0.0173428325096571,3.225173214067941,3,20,"(0.7, 0.3)"
AG,平值期权,1.0554110909836556,0.0559363961155317,0.0529996288587401,0.019315662071516,2.8959088178509145,3,20,"(0.7, 0.3)"
AL,虚值一档,-0.0421611253383878,-0.0035209446627236,0.0835116386117373,0.1284203340076036,-0.0274173454689436,3,20,"(0.7, 0.3)"
AL,平值期权,0.1550173713623076,0.0145121148793785,0.0936160557481057,0.1282189932824438,0.1131822556694933,3,20,"(0.7, 0.3)"
AU,虚值一档,2.0533672977135438,0.0864009092940247,0.0420776689052336,0.0294026592022244,2.9385406503466287,3,20,"(0.7, 0.3)"
AU,平值期权,1.6392775021394344,0.0706405231941307,0.0430924740331866,0.0355413617773474,1.9875581480716908,3,20,"(0.7, 0.3)"
B,虚值一档,1.781157902767036,0.0925584924454642,0.0519653492268564,0.0212654901052931,4.352521008788123,3,20,"(0.7, 0.3)"
B,平值期权,1.7611443364927697,0.1172296024023519,0.0665644490194419,0.036683003215254,3.19574713429144,3,20,"(0.7, 0.3)"
C,虚值一档,1.540283753577005,0.0507866905363763,0.0329722951491465,0.0245579223512515,2.06803693773338,3,20,"(0.7, 0.3)"
C,平值期权,1.5551304392111305,0.0618710975046264,0.0397851498141929,0.0268726564866467,2.3023811410446458,3,20,"(0.7, 0.3)"
CU,虚值一档,-1.512359852730003,-0.0990274807176284,0.0654787817455423,0.2236853981460379,-0.4427087397675203,3,20,"(0.7, 0.3)"
CU,平值期权,-1.474433975356529,-0.1087916752449368,0.0737853827728232,0.2456796297241394,-0.4428192738937829,3,20,"(0.7, 0.3)"
I,虚值一档,-1.0709632866754626,-0.1729108757646694,0.1614535978179308,0.5199990291962128,-0.3325215357266071,3,20,"(0.7, 0.3)"
I,平值期权,-1.179172493365078,-0.2049517482277316,0.1738098110165782,0.592562512720823,-0.3458736316049942,3,20,"(0.7, 0.3)"
L,虚值一档,0.2355539895906871,0.0201503934642883,0.0855446918954879,0.1383472623196769,0.1456508291268322,3,20,"(0.7, 0.3)"
L,平值期权,0.5811200961052881,0.0557343531829419,0.0959084938835842,0.1314003959935497,0.4241566607278555,3,20,"(0.7, 0.3)"
M,虚值一档,-0.4493040693318222,-0.0294089483586801,0.0654544446980313,0.1276391860411333,-0.2304068936102646,3,20,"(0.7, 0.3)"
M,平值期权,-0.5226720362499404,-0.0392257579641319,0.0750485108129532,0.1506213955669363,-0.260426201845275,3,20,"(0.7, 0.3)"
P,虚值一档,-0.605027515814075,-0.0853340992693492,0.1410416832935784,0.2135179917664108,-0.3996576520947469,3,20,"(0.7, 0.3)"
P,平值期权,-0.152091842026813,-0.0195712478549932,0.1286804577693451,0.1266492833993376,-0.154531058760776,3,20,"(0.7, 0.3)"
PG,虚值一档,-0.0821394516658941,-0.0104762132484748,0.1275417967371795,0.1214765701957278,-0.0862406078109973,3,20,"(0.7, 0.3)"
PG,平值期权,0.1891614749747121,0.0252196535029449,0.13332341327068,0.1310671243670361,0.1924178440988805,3,20,"(0.7, 0.3)"
PP,虚值一档,-0.1610536277448981,-0.0128993936592633,0.0800937789473168,0.1096594125967057,-0.1176314312999597,3,20,"(0.7, 0.3)"
PP,平值期权,0.0733388313234088,0.0068279320173811,0.0931011838363144,0.1049944076119592,0.0650313876012899,3,20,"(0.7, 0.3)"
RB,虚值一档,-2.6322964260076764,-0.1023789868258599,0.0388934110210129,0.0195026792020887,-5.249483199974665,3,20,"(0.7, 0.3)"
RB,平值期权,-3.0389556302201743,-0.1341361211754491,0.0441388876631051,0.0233100960903764,-5.754421631527587,3,20,"(0.7, 0.3)"
RU,虚值一档,-0.3875241931459617,-0.0311071771637174,0.0802715745594775,0.1164069942612534,-0.2672277328448434,3,20,"(0.7, 0.3)"
RU,平值期权,-0.451731363115065,-0.0382242563288178,0.0846172292869587,0.1425220766840406,-0.2681988448256885,3,20,"(0.7, 0.3)"
SC,虚值一档,0.5964301077563212,0.0825157394922349,0.138349386489972,0.1326418977211635,0.6220940812057552,3,20,"(0.7, 0.3)"
SC,平值期权,0.7799898044506284,0.1253810029437518,0.1607469767275505,0.1155506595008794,1.0850738843493808,3,20,"(0.7, 0.3)"
V,虚值一档,-1.2028479861059052,-0.1174855948984722,0.0976728533077729,0.2930412918690074,-0.400918226060065,3,20,"(0.7, 0.3)"
V,平值期权,-1.200248298806424,-0.138273205115594,0.1152038334510438,0.3028865931882171,-0.4565180771460211,3,20,"(0.7, 0.3)"
Y,虚值一档,-2.022285988026095,-0.1422218913982276,0.0703272891373029,0.0928057354450975,-1.53246877163496,3,20,"(0.7, 0.3)"
Y,平值期权,-2.2676830018490715,-0.1850054563337229,0.0815834736084669,0.1174223445094529,-1.5755558033405574,3,20,"(0.7, 0.3)"
ZN,虚值一档,-0.0181566117346494,-0.0015121254153681,0.0832823567231159,0.0888328227596307,-0.0170221475395394,3,20,"(0.7, 0.3)"
ZN,平值期权,0.1073512961665832,0.0101091477102062,0.0941688463129433,0.0974160251964393,0.1037729438233714,3,20,"(0.7, 0.3)"
A,虚值一档,1.3531445115680862,0.0748056284005092,0.0552828081265473,0.0234514684329065,3.189805730695465,5,20,"(0.7, 0.3)"
A,平值期权,2.274658324749366,0.1415655315882392,0.0622359543180348,0.0233655882773842,6.058718912087563,5,20,"(0.7, 0.3)"
AG,虚值一档,3.233997526848173,0.1356485850402622,0.0419445543523542,0.0096584259103733,14.044585142447774,5,20,"(0.7, 0.3)"
AG,平值期权,3.1079004202696403,0.1458085171215895,0.0469154404596203,0.0107102925759736,13.61386872368742,5,20,"(0.7, 0.3)"
AL,虚值一档,0.2006236290270011,0.0197660932969969,0.0985232566715096,0.0818942133653063,0.2413612938538911,5,20,"(0.7, 0.3)"
AL,平值期权,0.1795958751440844,0.0194127071598898,0.1080910524493704,0.091679024188692,0.2117464418025977,5,20,"(0.7, 0.3)"
AU,虚值一档,1.515158407842048,0.0684714989900252,0.0451909837516891,0.0246181570745459,2.781341380781977,5,20,"(0.7, 0.3)"
AU,平值期权,1.1673829165078442,0.0546222350736255,0.0467903327187832,0.0289420528391447,1.8872965016409555,5,20,"(0.7, 0.3)"
B,虚值一档,1.904583076089048,0.1489523519975945,0.078207327297825,0.016488123906453,9.033917554397943,5,20,"(0.7, 0.3)"
B,平值期权,2.149297425144001,0.1949593569098777,0.0907084122602601,0.0167713615402504,11.62453963215713,5,20,"(0.7, 0.3)"
C,虚值一档,0.7789086362508932,0.0284278016569455,0.0364969655411404,0.0330587949103585,0.8599164529145628,5,20,"(0.7, 0.3)"
C,平值期权,0.7542755492229727,0.0323025265132951,0.0428258963804037,0.0411700939764115,0.7846114349848925,5,20,"(0.7, 0.3)"
CU,虚值一档,-0.8291331135362044,-0.0738826309005452,0.0891082863467364,0.1943066203026755,-0.3802373320345787,5,20,"(0.7, 0.3)"
CU,平值期权,-0.8539855260560011,-0.0864192016023443,0.1011951595965074,0.2268723600640877,-0.3809155138066725,5,20,"(0.7, 0.3)"
I,虚值一档,-1.3098015265514342,-0.240694306524865,0.1837639532751096,0.5897131626071892,-0.4081548823850701,5,20,"(0.7, 0.3)"
I,平值期权,-1.3119853901564589,-0.2514530269603574,0.1916584047710856,0.6648603241176586,-0.3782042901929253,5,20,"(0.7, 0.3)"
L,虚值一档,0.7635925559589288,0.0699554040785863,0.0916135228567484,0.1167630435772327,0.5991228211888326,5,20,"(0.7, 0.3)"
L,平值期权,0.8959840189519792,0.0939073450796142,0.104809174151852,0.1075472189278781,0.8731731607359291,5,20,"(0.7, 0.3)"
M,虚值一档,-0.666671939385911,-0.049437894992843,0.0741562559815875,0.1530147062096631,-0.323092441357254,5,20,"(0.7, 0.3)"
M,平值期权,-0.7318797481639115,-0.0638371215732342,0.0872235114216294,0.1958465763573413,-0.3259547486638576,5,20,"(0.7, 0.3)"
P,虚值一档,-0.1126725062036307,-0.0191970951239339,0.1703795874500154,0.2143593362633636,-0.0895556753373605,5,20,"(0.7, 0.3)"
P,平值期权,-0.1410443550836466,-0.0198448483875408,0.140699345080289,0.1534518957577274,-0.1293229274851854,5,20,"(0.7, 0.3)"
PG,虚值一档,0.0464741886675906,0.0058142013870184,0.1251060331274389,0.141734717741857,0.0410217163419897,5,20,"(0.7, 0.3)"
PG,平值期权,0.8104351647586789,0.1057374040759672,0.1304699113191273,0.0927900414395344,1.1395339676065328,5,20,"(0.7, 0.3)"
PP,虚值一档,-0.1174907286301241,-0.0107434987538549,0.0914412471445034,0.083576713812823,-0.1285465563759292,5,20,"(0.7, 0.3)"
PP,平值期权,0.0154029033007794,0.0015977320683795,0.1037292799402785,0.0831782866159913,0.0192085234426122,5,20,"(0.7, 0.3)"
RB,虚值一档,1.2686479574303329,0.0476863729515456,0.0375883417241574,0.0081023369022998,5.885508530015534,5,20,"(0.7, 0.3)"
RB,平值期权,1.0159293400496163,0.0392446428936454,0.0386293035810235,0.0068253780556168,5.7498123289082,5,20,"(0.7, 0.3)"
RU,虚值一档,-0.0039563290294991,-0.0003372009238033,0.0852307584351822,0.1012634747656626,-0.0033299363327564,5,20,"(0.7, 0.3)"
RU,平值期权,0.0124810203670306,0.0011085885068252,0.0888219451795519,0.1225537599946726,0.0090457323126883,5,20,"(0.7, 0.3)"
SC,虚值一档,-0.0292840085152558,-0.0042756687054441,0.1460069478950148,0.1870236181584038,-0.0228616510981129,5,20,"(0.7, 0.3)"
SC,平值期权,-0.0731476363345854,-0.0124755361709765,0.1705528270785412,0.2182961075186514,-0.0571496043277393,5,20,"(0.7, 0.3)"
V,虚值一档,-0.4732323753866715,-0.0527887192394273,0.1115492556828861,0.1998668347632369,-0.2641194538451618,5,20,"(0.7, 0.3)"
V,平值期权,-0.4527837433122587,-0.0594639512607401,0.1313296957742834,0.238004299515916,-0.2498440212285478,5,20,"(0.7, 0.3)"
Y,虚值一档,-0.2741023898651902,-0.022220498634368,0.0810664169885441,0.0498758614700663,-0.4455160869292237,5,20,"(0.7, 0.3)"
Y,平值期权,-0.7010250289018313,-0.0659782734338175,0.0941168584767561,0.0619171599115807,-1.0655894670885449,5,20,"(0.7, 0.3)"
ZN,虚值一档,-0.1428193268637217,-0.0131908504542743,0.0923604020824232,0.1255016706890434,-0.1051049789365551,5,20,"(0.7, 0.3)"
ZN,平值期权,0.1948516374153986,0.0202381270100319,0.1038642901772844,0.0874299909071576,0.231478086638748,5,20,"(0.7, 0.3)"
A,虚值一档,0.8134391114198337,0.0226323021920949,0.027822982537182,0.0120151604909848,1.8836454335400925,1,20,"(0.8, 0.2)"
A,平值期权,1.6892392111875991,0.0419114874994349,0.0248108658749222,0.0084144614379496,4.98088770249893,1,20,"(0.8, 0.2)"
AG,虚值一档,1.546975381432235,0.0529348102378204,0.0342182628587223,0.0053040892544284,9.979999901703032,1,20,"(0.8, 0.2)"
AG,平值期权,1.4645295171986934,0.0572994276543541,0.0391248021849055,0.0062949645178635,9.102422657308416,1,20,"(0.8, 0.2)"
AL,虚值一档,0.501704076800269,0.024927816259384,0.0496862939969848,0.0947658222709962,0.2630464830252766,1,20,"(0.8, 0.2)"
AL,平值期权,0.5585102881886633,0.0320840975205902,0.0574458487141642,0.1027054189234087,0.3123895297532114,1,20,"(0.8, 0.2)"
AU,虚值一档,0.4447722978113458,0.0141171212823253,0.0317401091565131,0.0266136466040305,0.5304467100043075,1,20,"(0.8, 0.2)"
AU,平值期权,0.448783001447476,0.0152524239707101,0.0339861891415581,0.0333531304111472,0.4573011223441993,1,20,"(0.8, 0.2)"
B,虚值一档,0.3875987503586685,0.0110004813543415,0.0283811063481555,0.0097572854919086,1.1274120618345966,1,20,"(0.8, 0.2)"
B,平值期权,1.709155959880294,0.0729548148793,0.0426847032054404,0.0106697662659436,6.837526995522052,1,20,"(0.8, 0.2)"
C,虚值一档,1.6988830778112276,0.0354843730113379,0.0208868835500171,0.0154064223112584,2.3032195466566723,1,20,"(0.8, 0.2)"
C,平值期权,1.6677613863069112,0.0424726422282807,0.0254668578952605,0.0164899366300188,2.5756704335031904,1,20,"(0.8, 0.2)"
CU,虚值一档,-0.2769590662274229,-0.0105944986244379,0.0382529402945718,0.0900948638323608,-0.1175927036656729,1,20,"(0.8, 0.2)"
CU,平值期权,-0.045314980376246,-0.0020359416544799,0.0449286668023617,0.086788529093323,-0.0234586491527087,1,20,"(0.8, 0.2)"
I,虚值一档,-0.5597526838083768,-0.0636003069936816,0.1136221564155184,0.2487182480432636,-0.2557122667678915,1,20,"(0.8, 0.2)"
I,平值期权,-0.684433220479371,-0.0841351863301704,0.1229268010562708,0.3004773503755883,-0.2800050859906871,1,20,"(0.8, 0.2)"
L,虚值一档,0.3919161007473812,0.0229094086819681,0.0584548801089828,0.0729524689271647,0.3140319857418504,1,20,"(0.8, 0.2)"
L,平值期权,0.7627585373592357,0.0489658482016883,0.0641957392849566,0.0633391607533244,0.773073839616959,1,20,"(0.8, 0.2)"
M,虚值一档,0.0572527462755354,0.0018976840155708,0.0331457290526828,0.0691813179248871,0.0274305849106731,1,20,"(0.8, 0.2)"
M,平值期权,-0.0782836156830781,-0.0030657311851774,0.039161849621109,0.0829330982168752,-0.0369663168396329,1,20,"(0.8, 0.2)"
P,虚值一档,-1.2097799037146602,-0.1365945139506356,0.1129085658731961,0.2203741714232906,-0.6198299604188524,1,20,"(0.8, 0.2)"
P,平值期权,-1.0592710695353984,-0.0927432708384919,0.0875538599191325,0.1505154655833219,-0.6161710391624268,1,20,"(0.8, 0.2)"
PG,虚值一档,0.7140438660084952,0.0651395707129248,0.0912262870866113,0.0811228996165728,0.8029738954204894,1,20,"(0.8, 0.2)"
PG,平值期权,1.04935150692221,0.0970816241852021,0.0925158286282415,0.0721514847216621,1.3455249681931394,1,20,"(0.8, 0.2)"
PP,虚值一档,0.2462180745928554,0.0145844333121877,0.0592338045706207,0.0487505353364334,0.2991645776100454,1,20,"(0.8, 0.2)"
PP,平值期权,0.4055266382574999,0.0283251908182535,0.069847916625067,0.0695434375745832,0.4073021381474803,1,20,"(0.8, 0.2)"
RB,虚值一档,1.3487429391487031,0.0356366066006114,0.0264220894628775,0.004268943904087,8.347874181830594,1,20,"(0.8, 0.2)"
RB,平值期权,0.3560016177732142,0.0092828770363329,0.0260753787985494,0.0053517101542237,1.7345627414082985,1,20,"(0.8, 0.2)"
RU,虚值一档,0.948019319588396,0.0482660513256101,0.0509125186885072,0.0669624182685053,0.7207931340244207,1,20,"(0.8, 0.2)"
RU,平值期权,1.1108397548121538,0.0592760812486873,0.0533615051062978,0.054522335507731,1.0871889602066347,1,20,"(0.8, 0.2)"
SC,虚值一档,0.7530255250630288,0.0711184893579068,0.0944436635822593,0.0636981388758635,1.1164924221177686,1,20,"(0.8, 0.2)"
SC,平值期权,0.7601971154659583,0.0851124970086252,0.1119610891399607,0.0707162445737071,1.203577728451246,1,20,"(0.8, 0.2)"
V,虚值一档,0.6291287662159615,0.0408969577154112,0.0650057029841368,0.0694825869975929,0.5885929048212908,1,20,"(0.8, 0.2)"
V,平值期权,0.9228695296837224,0.0673933785340815,0.0730259005920132,0.0912653183996499,0.7384336100046963,1,20,"(0.8, 0.2)"
Y,虚值一档,-1.5846676778002189,-0.0796225711767269,0.050245595522751,0.0503275438082732,-1.582087365122675,1,20,"(0.8, 0.2)"
Y,平值期权,-1.469894668357573,-0.0837619712819857,0.056985016059402,0.0525379806851566,-1.594312727471282,1,20,"(0.8, 0.2)"
ZN,虚值一档,-0.2242926294947834,-0.0115521259463745,0.0515047060279938,0.1085757542188684,-0.1063969210205772,1,20,"(0.8, 0.2)"
ZN,平值期权,-0.212202858605933,-0.0124298024785282,0.0585750944176053,0.1189171052386394,-0.1045249331757994,1,20,"(0.8, 0.2)"
A,虚值一档,0.982216695613619,0.0383458425864056,0.0390401046506849,0.012372384110838,3.099309093775634,3,20,"(0.8, 0.2)"
A,平值期权,2.2217640467028006,0.0950332341470326,0.0427737744195052,0.0108727287916291,8.740513625263803,3,20,"(0.8, 0.2)"
AG,虚值一档,2.61083399519857,0.1024557697225151,0.0392425446853133,0.0065846469379976,15.559797007684551,3,20,"(0.8, 0.2)"
AG,平值期权,2.120316642414389,0.0949524455294685,0.044782200747784,0.008222760451925,11.547514497669574,3,20,"(0.8, 0.2)"
AL,虚值一档,0.7086696106207911,0.0575696737837258,0.0812362671136626,0.0676558060545162,0.8509199304688929,3,20,"(0.8, 0.2)"
AL,平值期权,0.7965440852637734,0.0715665619225968,0.0898463289685941,0.0721707154651051,0.9916288270302605,3,20,"(0.8, 0.2)"
AU,虚值一档,1.986617923603545,0.0789052024258275,0.0397183582652373,0.0220687733006031,3.575423126199357,3,20,"(0.8, 0.2)"
AU,平值期权,1.9464347179061168,0.0846816020172023,0.0435060067713438,0.0227031632381734,3.729947282183895,3,20,"(0.8, 0.2)"
B,虚值一档,2.3720861407379426,0.1437421753902321,0.0605973674065288,0.0177843585239939,8.082505489095984,3,20,"(0.8, 0.2)"
B,平值期权,3.108138050520861,0.2323556180729221,0.0747571743262767,0.0191415103161632,12.13883409590301,3,20,"(0.8, 0.2)"
C,虚值一档,1.642307403073487,0.05137839322814,0.0312842730489969,0.0275775630001671,1.863050525089136,3,20,"(0.8, 0.2)"
C,平值期权,1.856543170528273,0.0695028090735257,0.037436678110614,0.0272370252998342,2.551776793112155,3,20,"(0.8, 0.2)"
CU,虚值一档,-0.6271182505541317,-0.0371506280366149,0.0592402278259133,0.1129479076978786,-0.3289182490745041,3,20,"(0.8, 0.2)"
CU,平值期权,-0.5666599572781919,-0.0396514774949565,0.0699740240785892,0.1322707447531369,-0.2997751133023402,3,20,"(0.8, 0.2)"
I,虚值一档,-0.5861360480159687,-0.0951460102014624,0.1623275185403206,0.3831806455553578,-0.2483058873278002,3,20,"(0.8, 0.2)"
I,平值期权,-0.7026794827358055,-0.1222648634923144,0.1739980552958364,0.444984482066027,-0.2747620836678361,3,20,"(0.8, 0.2)"
L,虚值一档,0.5402388643866121,0.0394308456170525,0.0729877989467166,0.0560294400637867,0.7037522697382392,3,20,"(0.8, 0.2)"
L,平值期权,0.6933237456784737,0.0554752671430265,0.0800135109879144,0.0658992856360627,0.8418189454950368,3,20,"(0.8, 0.2)"
M,虚值一档,0.2825957448641718,0.0157314688314276,0.0556677484262507,0.0932515664392684,0.1686992447646767,3,20,"(0.8, 0.2)"
M,平值期权,0.0263895656226817,0.0017691103301417,0.0670382512329487,0.1167087763202054,0.0151583315832902,3,20,"(0.8, 0.2)"
P,虚值一档,-0.94319509036158,-0.1308357466961846,0.1387154662202789,0.2911396748166382,-0.449391676962564,3,20,"(0.8, 0.2)"
P,平值期权,-0.7906859680986714,-0.1004771659433719,0.127075944176656,0.2425912983836814,-0.4141828936685837,3,20,"(0.8, 0.2)"
PG,虚值一档,-0.5696833170640475,-0.0703993642970223,0.1235763136962418,0.1762319950762726,-0.3994698253660109,3,20,"(0.8, 0.2)"
PG,平值期权,-0.6931514749928425,-0.0854041403084118,0.1232113663312824,0.1797962190564552,-0.4750052073208241,3,20,"(0.8, 0.2)"
PP,虚值一档,0.9486045880417596,0.0782031882251803,0.0824402382309979,0.083915341396702,0.931929572394658,3,20,"(0.8, 0.2)"
PP,平值期权,1.1010616948599088,0.1042771279548981,0.0947059810015147,0.1036473424309649,1.0060762341721654,3,20,"(0.8, 0.2)"
RB,虚值一档,1.6574610054429209,0.0561072762410886,0.0338513401261559,0.008900874961941,6.303568635779739,3,20,"(0.8, 0.2)"
RB,平值期权,0.969500524232406,0.0349918442008907,0.0360926511397146,0.0092744586377542,3.772925791964485,3,20,"(0.8, 0.2)"
RU,虚值一档,1.2495996285805415,0.096632377551393,0.0773306708334738,0.0644497159392316,1.499345282491327,3,20,"(0.8, 0.2)"
RU,平值期权,1.387262247649216,0.1143702093575006,0.0824431065945221,0.0776000733810948,1.473841510378827,3,20,"(0.8, 0.2)"
SC,虚值一档,0.2472266422007636,0.0323720235557208,0.1309406755985172,0.1101205741613405,0.2939688954789844,3,20,"(0.8, 0.2)"
SC,平值期权,0.5043247991402976,0.0769117015184885,0.1525043020878546,0.0895302003546713,0.8590587445778641,3,20,"(0.8, 0.2)"
V,虚值一档,-0.5584407097925275,-0.0581791147963737,0.1041813638872934,0.1606467219133825,-0.3621556300896243,3,20,"(0.8, 0.2)"
V,平值期权,-0.6221671595154176,-0.0728088135515281,0.1170245205617026,0.1803489164916685,-0.4037108454427097,3,20,"(0.8, 0.2)"
Y,虚值一档,-0.233893880228932,-0.014571030998812,0.0622976154166587,0.0445263105051905,-0.3272454158786294,3,20,"(0.8, 0.2)"
Y,平值期权,-0.3393661365138062,-0.0246210893813093,0.0725502244691633,0.0489633446454651,-0.5028473761256771,3,20,"(0.8, 0.2)"
ZN,虚值一档,0.2484196301726093,0.0206629864592803,0.0831777522771574,0.1083235052717531,0.1907525648052355,3,20,"(0.8, 0.2)"
ZN,平值期权,0.3189097656901885,0.0303622091809718,0.0952062697586623,0.1244136168962133,0.244042492601917,3,20,"(0.8, 0.2)"
A,虚值一档,2.1313051763032744,0.0932951965829878,0.0437737390310323,0.0127166343133963,7.336469248369142,5,20,"(0.8, 0.2)"
A,平值期权,2.9262467799561693,0.1381813333679718,0.0472213534123193,0.0128861928024398,10.723208591276762,5,20,"(0.8, 0.2)"
AG,虚值一档,2.7921489614195365,0.1249391484456515,0.0447465913072675,0.0080777022026991,15.467164462178872,5,20,"(0.8, 0.2)"
AG,平值期权,2.636072123753942,0.1348547172768517,0.0511574459824754,0.0096282710519386,14.006119743554462,5,20,"(0.8, 0.2)"
AL,虚值一档,0.9471841711681463,0.0895089934324952,0.0945000942341607,0.0736961076033805,1.2145688061873896,5,20,"(0.8, 0.2)"
AL,平值期权,0.8615762435183985,0.0897531090771887,0.1041731474752205,0.1062665003199581,0.8446039796826922,5,20,"(0.8, 0.2)"
AU,虚值一档,1.0897870925777473,0.0456230366914871,0.0418641742063322,0.0246438601997831,1.8512942502363583,5,20,"(0.8, 0.2)"
AU,平值期权,0.9722127244479272,0.0452747296129841,0.0465687482527997,0.0270550562940153,1.67342951058649,5,20,"(0.8, 0.2)"
B,虚值一档,1.8367685399429168,0.1350192312299404,0.0735091157616062,0.0163794951090283,8.243186394403448,5,20,"(0.8, 0.2)"
B,平值期权,2.6271562695246584,0.2230588902789702,0.0849050712614553,0.0166231312164695,13.41858446367629,5,20,"(0.8, 0.2)"
C,虚值一档,1.1365479149781363,0.0409237412411724,0.0360070532019406,0.0276204179130962,1.4816481549965412,5,20,"(0.8, 0.2)"
C,平值期权,1.3487871467575543,0.0578936451958481,0.0429227438406592,0.0284623340902251,2.0340441866898997,5,20,"(0.8, 0.2)"
CU,虚值一档,-0.7012256148162005,-0.0586905066158545,0.0836970375522263,0.2006788023958197,-0.292459920605332,5,20,"(0.8, 0.2)"
CU,平值期权,-0.6259252573636577,-0.0597375102395027,0.0954387277661744,0.2217451266448507,-0.2693971729767888,5,20,"(0.8, 0.2)"
I,虚值一档,-0.1914345586495926,-0.0340562043235846,0.1778999808802659,0.3072965565846716,-0.1108252064458162,5,20,"(0.8, 0.2)"
I,平值期权,-0.2581433714345055,-0.049792925915898,0.1928886480377095,0.3532018022408147,-0.1409758545964298,5,20,"(0.8, 0.2)"
L,虚值一档,0.5246348486959509,0.0447543578051281,0.085305728196232,0.093950816175679,0.4763594359993822,5,20,"(0.8, 0.2)"
L,平值期权,0.5495612606823044,0.0527731083873296,0.0960277082154762,0.0972746331025572,0.542516653151399,5,20,"(0.8, 0.2)"
M,虚值一档,-0.3495094568247769,-0.0244090623073813,0.069838059688378,0.1763696537815305,-0.138397177655159,5,20,"(0.8, 0.2)"
M,平值期权,-0.5131743943554634,-0.0424220339028433,0.0826659209217258,0.2302240847026128,-0.1842641005941714,5,20,"(0.8, 0.2)"
P,虚值一档,-0.5090391117647749,-0.0872698937659775,0.1714404487769589,0.3078426091257513,-0.2834886762875911,5,20,"(0.8, 0.2)"
P,平值期权,-0.7990583849162719,-0.1163675111011203,0.1456307990727282,0.2832751043269401,-0.4107932865389239,5,20,"(0.8, 0.2)"
PG,虚值一档,0.3083491968224013,0.0406216946804936,0.1317392589282155,0.1480413622795462,0.274394223715584,5,20,"(0.8, 0.2)"
PG,平值期权,0.940861960448578,0.1293216430800499,0.1374501770890948,0.1180086817752261,1.0958655001872817,5,20,"(0.8, 0.2)"
PP,虚值一档,0.2181472740803831,0.0185245724575904,0.084917735212059,0.0748529422679507,0.2474795498522708,5,20,"(0.8, 0.2)"
PP,平值期权,0.3581807564070819,0.0343932655839481,0.0960220921105523,0.1024949389426645,0.3355606231756247,5,20,"(0.8, 0.2)"
RB,虚值一档,3.0010258262070355,0.0987213747124193,0.0328958764200947,0.004225481849874,23.3633413229221,5,20,"(0.8, 0.2)"
RB,平值期权,2.432976466753406,0.0806731972480022,0.0331582316353653,0.0064342130684369,12.538160671698122,5,20,"(0.8, 0.2)"
RU,虚值一档,0.7059767548476307,0.0605112472643416,0.085712804067326,0.0620783239730777,0.9747564591238688,5,20,"(0.8, 0.2)"
RU,平值期权,0.6564599451341424,0.0629795213155296,0.0959381022137767,0.0705466655579711,0.8927356214132713,5,20,"(0.8, 0.2)"
SC,虚值一档,0.2545978986338548,0.036358488209133,0.1428074952866024,0.1309181719138046,0.2777191865547221,5,20,"(0.8, 0.2)"
SC,平值期权,0.2508389801742819,0.0413819290997418,0.1649740764812146,0.1403618075149226,0.294823284427584,5,20,"(0.8, 0.2)"
V,虚值一档,-0.1209283259896643,-0.0135734702693494,0.1122439276179975,0.1878178610112806,-0.0722693262305561,5,20,"(0.8, 0.2)"
V,平值期权,-0.0182912727036357,-0.0023777121367409,0.1299916181484944,0.2163480063178315,-0.0109902197723419,5,20,"(0.8, 0.2)"
Y,虚值一档,-0.9581603857736498,-0.073621072218475,0.0768358547395287,0.0897971916889335,-0.819859405776361,5,20,"(0.8, 0.2)"
Y,平值期权,-1.2446019123304988,-0.1096105656840121,0.0880687749215875,0.1008167584926638,-1.0872256490173533,5,20,"(0.8, 0.2)"
ZN,虚值一档,0.324825072850792,0.0287829373827937,0.0886105777801678,0.1320526285061366,0.2179656528492062,5,20,"(0.8, 0.2)"
ZN,平值期权,0.5335536308998349,0.054789013097789,0.1026869838846148,0.1504390317781977,0.3641941353263173,5,20,"(0.8, 0.2)"
A,虚值一档,-0.523119236607929,-0.0115044423343738,0.0219920078048979,0.0178302966476289,-0.6452187847308585,1,20,"(0.9, 0.1)"
A,平值期权,0.5784678867108526,0.0125672701243013,0.0217250955723029,0.0117105882172161,1.073154472789487,1,20,"(0.9, 0.1)"
AG,虚值一档,-3.160287275657522,-0.0670072992916005,0.021202913990678,0.011344504567463,-5.906586655514501,1,20,"(0.9, 0.1)"
AG,平值期权,-3.120074874337288,-0.0768500205487839,0.0246308257474452,0.0134687060216173,-5.705820620439662,1,20,"(0.9, 0.1)"
AL,虚值一档,-0.2385665256038542,-0.0122843346259174,0.051492281219352,0.0929471349709568,-0.1321647475175635,1,20,"(0.9, 0.1)"
AL,平值期权,-0.064975813742083,-0.0037618327454813,0.0578958927765601,0.0942462344697324,-0.0399149394842879,1,20,"(0.9, 0.1)"
AU,虚值一档,0.2624123125959204,0.0076751219213494,0.0292483300246972,0.029991891720318,0.2559065627777647,1,20,"(0.9, 0.1)"
AU,平值期权,0.521028609244542,0.0160968997464523,0.030894464259442,0.0268456658205968,0.59960888487639,1,20,"(0.9, 0.1)"
B,虚值一档,-0.6213674879308969,-0.0157423516510875,0.0253350102103157,0.0115993804288266,-1.357171768585567,1,20,"(0.9, 0.1)"
B,平值期权,0.2434223675495114,0.0084653026167773,0.0347761904626762,0.0119630041684833,0.7076234779788241,1,20,"(0.9, 0.1)"
C,虚值一档,1.0693582708410578,0.0224564802481119,0.0209999593779264,0.0129701629820512,1.7313953787002017,1,20,"(0.9, 0.1)"
C,平值期权,1.268277161956531,0.0336901815420495,0.0265637374484271,0.0143487047050477,2.347959779965195,1,20,"(0.9, 0.1)"
CU,虚值一档,-0.5914592798759464,-0.0251085600544643,0.0424518828409128,0.0861154552885292,-0.2915685688514133,1,20,"(0.9, 0.1)"
CU,平值期权,-0.5137630961875514,-0.0260855914543191,0.0507735795892909,0.101410763761451,-0.2572270485574925,1,20,"(0.9, 0.1)"
I,虚值一档,-0.0344799701865844,-0.0031514882340119,0.0914005498542481,0.1360867878583412,-0.0231579294625752,1,20,"(0.9, 0.1)"
I,平值期权,0.0513299965856832,0.0050288768518164,0.0979715017791194,0.1113544759332465,0.0451609763296009,1,20,"(0.9, 0.1)"
L,虚值一档,-0.3633946493325062,-0.0181857855576127,0.0500441753642131,0.0902748610379663,-0.2014490562324368,1,20,"(0.9, 0.1)"
L,平值期权,0.0371659132317927,0.0020149810533173,0.0542158359126145,0.0905748628036638,0.0222465813465834,1,20,"(0.9, 0.1)"
M,虚值一档,-0.5839401041144485,-0.0229245741636449,0.0392584342163146,0.0728339087659726,-0.3147513919279744,1,20,"(0.9, 0.1)"
M,平值期权,-0.3509596675868298,-0.0149096420468392,0.0424824942118184,0.0634467335602545,-0.2349946358180868,1,20,"(0.9, 0.1)"
P,虚值一档,-1.048284403490993,-0.1168606558827066,0.1114780068209902,0.2100289769184569,-0.5564025383415424,1,20,"(0.9, 0.1)"
P,平值期权,-0.6355895201524785,-0.0554865182740589,0.0872992969751101,0.1349951409584346,-0.4110260404938826,1,20,"(0.9, 0.1)"
PG,虚值一档,0.5320217745865423,0.0372505982976004,0.0700170558367645,0.0484211496117837,0.7693042936042799,1,20,"(0.9, 0.1)"
PG,平值期权,0.8577752136279683,0.0630795786043046,0.0735385886676638,0.0456760894536849,1.3810196835757271,1,20,"(0.9, 0.1)"
PP,虚值一档,0.5321200990325826,0.0253059503266116,0.0475568398423945,0.0342623400161531,0.7385937538031858,1,20,"(0.9, 0.1)"
PP,平值期权,0.4195904378671478,0.024677772952739,0.0588139545748005,0.0518547820830557,0.4759015844134248,1,20,"(0.9, 0.1)"
RB,虚值一档,1.894256095300627,0.0479639495028248,0.0253207312473832,0.0042603808753646,11.258136515486983,1,20,"(0.9, 0.1)"
RB,平值期权,1.3218152472766609,0.0325526363189572,0.0246272210780028,0.0052152730010268,6.241789511795028,1,20,"(0.9, 0.1)"
RU,虚值一档,0.2539064629610541,0.0138350105453473,0.0544886112153411,0.0895072790443778,0.1545685523351445,1,20,"(0.9, 0.1)"
RU,平值期权,0.2939113075365265,0.0168443637446544,0.0573110435452065,0.091033585798704,0.1850346066989078,1,20,"(0.9, 0.1)"
SC,虚值一档,1.455975709655788,0.1314029346392295,0.0902507739434024,0.0627591681370806,2.0937647604285474,1,20,"(0.9, 0.1)"
SC,平值期权,1.551040763781152,0.1656910244637665,0.1068257058955964,0.0698742417595413,2.3712747400388263,1,20,"(0.9, 0.1)"
V,虚值一档,0.957756433850382,0.0545152883076603,0.0569197829227807,0.0411980618737208,1.3232488575496364,1,20,"(0.9, 0.1)"
V,平值期权,1.0588830633945094,0.0635593114108804,0.0600248635643727,0.0380811702882951,1.6690482705678935,1,20,"(0.9, 0.1)"
Y,虚值一档,-1.924675235444909,-0.0829873674112677,0.0431175950534243,0.047303949842582,-1.7543432987611582,1,20,"(0.9, 0.1)"
Y,平值期权,-1.6987339448561285,-0.0876966137748733,0.0516246902820916,0.0511297143936659,-1.7151790268114095,1,20,"(0.9, 0.1)"
ZN,虚值一档,-0.056210128625383,-0.0026895502314577,0.0478481422695619,0.0602372658268487,-0.0446492747394741,1,20,"(0.9, 0.1)"
ZN,平值期权,0.1658191382553245,0.0090326294745058,0.0544727802203239,0.0646634160886181,0.1396868588279812,1,20,"(0.9, 0.1)"
A,虚值一档,0.1174003139656292,0.004160621683054,0.0354396129151077,0.0141100215325444,0.2948699740434573,3,20,"(0.9, 0.1)"
A,平值期权,1.236224910666062,0.0497207121450797,0.0402197947283644,0.0119300274330403,4.167694703482196,3,20,"(0.9, 0.1)"
AG,虚值一档,0.8716145022846375,0.0269595865743671,0.0309306310343642,0.0079098329770112,3.4083635713574907,3,20,"(0.9, 0.1)"
AG,平值期权,0.7151388519417268,0.0252580995036507,0.0353191543643176,0.0089109636527296,2.8344969733900176,3,20,"(0.9, 0.1)"
AL,虚值一档,0.1590648204797129,0.0130207040702057,0.0818578490890538,0.1065293823421178,0.1222264110045241,3,20,"(0.9, 0.1)"
AL,平值期权,0.2551384990070871,0.022410995346211,0.0878385482137236,0.1010552054503192,0.22176982616921,3,20,"(0.9, 0.1)"
AU,虚值一档,1.032232727025304,0.0382065449664963,0.0370134989583213,0.0262128045041822,1.4575527376477566,3,20,"(0.9, 0.1)"
AU,平值期权,1.1872407830346383,0.04781920784167,0.0402775987188059,0.0289902068706019,1.6494952262711184,3,20,"(0.9, 0.1)"
B,虚值一档,0.8057563417496701,0.0377148745525275,0.0468067982817623,0.0093650170362478,4.027208322905349,3,20,"(0.9, 0.1)"
B,平值期权,1.1020164097532317,0.0627001803331144,0.0568958681360784,0.0120000577912049,5.22498986455453,3,20,"(0.9, 0.1)"
C,虚值一档,0.6887811699061297,0.0209515751598951,0.0304183332461752,0.0284065763482667,0.7375607290025833,3,20,"(0.9, 0.1)"
C,平值期权,0.9309990608376756,0.0337094554713056,0.0362078297275351,0.0296700566407253,1.136143954138458,3,20,"(0.9, 0.1)"
CU,虚值一档,-0.8787648475436952,-0.0521907698246002,0.0593910532157524,0.1271751783835183,-0.4103848761053835,3,20,"(0.9, 0.1)"
CU,平值期权,-0.9399116713089806,-0.0671641847075048,0.0714579749967013,0.1647615346529402,-0.4076448113267579,3,20,"(0.9, 0.1)"
I,虚值一档,-0.2181664311739359,-0.0324374632561593,0.1486821922218552,0.2578556458811935,-0.1257969867028034,3,20,"(0.9, 0.1)"
I,平值期权,-0.1336970278438632,-0.0209467435922128,0.156673218021535,0.2597442108882136,-0.0806437360839879,3,20,"(0.9, 0.1)"
L,虚值一档,0.6281772867206359,0.0333595553865824,0.0531053192972545,0.0434632638498574,0.7675345206890585,3,20,"(0.9, 0.1)"
L,平值期权,0.7461348770506607,0.0422996502418723,0.0566916941466071,0.0353956712711173,1.1950515055322226,3,20,"(0.9, 0.1)"
M,虚值一档,-0.6405276598961851,-0.0379801174856215,0.0592950466678944,0.1436126056285435,-0.2644622825370759,3,20,"(0.9, 0.1)"
M,平值期权,-0.6292604471401638,-0.043622886527618,0.0693240560818234,0.1520300121679669,-0.2869360194447806,3,20,"(0.9, 0.1)"
P,虚值一档,-1.2814277023902028,-0.1678845223028855,0.1310136514059562,0.3317378736654642,-0.5060758376723242,3,20,"(0.9, 0.1)"
P,平值期权,-1.098356597601953,-0.129160333963677,0.1175941713699115,0.2834143507713872,-0.4557296891005446,3,20,"(0.9, 0.1)"
PG,虚值一档,0.7660946166466712,0.0767155011643961,0.1001384156701076,0.1072277502257041,0.7154444721904294,3,20,"(0.9, 0.1)"
PG,平值期权,0.7417850708081793,0.0794108257623752,0.1070536856125409,0.1227106290887209,0.647138934516915,3,20,"(0.9, 0.1)"
PP,虚值一档,1.125863911896332,0.0813161265846365,0.0722255378517932,0.0548016586841206,1.483826010693335,3,20,"(0.9, 0.1)"
PP,平值期权,1.1371095639851805,0.1038966825317837,0.0913691044578513,0.0771646900930542,1.3464277820139348,3,20,"(0.9, 0.1)"
RB,虚值一档,0.1681856363712733,0.0056069288964431,0.0333377392827158,0.0087309637108714,0.6421890048015699,3,20,"(0.9, 0.1)"
RB,平值期权,0.0674466249718429,0.00234159528412,0.0347177532618949,0.0109461684261126,0.2139191718020721,3,20,"(0.9, 0.1)"
RU,虚值一档,0.4259589493980504,0.0291166975004176,0.068355642114256,0.1148414115041608,0.2535383109546917,3,20,"(0.9, 0.1)"
RU,平值期权,0.6737186071865657,0.0514231286564512,0.0763273095145658,0.1134141895777123,0.4534100084647315,3,20,"(0.9, 0.1)"
SC,虚值一档,1.0044195016293866,0.1258032443452525,0.1252497030784172,0.0991093453181688,1.2693378605356411,3,20,"(0.9, 0.1)"
SC,平值期权,1.2853910367362624,0.1916927730094024,0.1491318731272078,0.0904450230261321,2.1194397059749432,3,20,"(0.9, 0.1)"
V,虚值一档,0.3137126206548086,0.0266085063786506,0.0848180934611781,0.0921799107924148,0.2886584088649412,3,20,"(0.9, 0.1)"
V,平值期权,0.3938261077300824,0.0368328735047217,0.0935257281875429,0.0954595736052466,0.3858478737505834,3,20,"(0.9, 0.1)"
Y,虚值一档,-0.5117733656683828,-0.0302222924213681,0.0590540548781733,0.0414808433250566,-0.7285843295069243,3,20,"(0.9, 0.1)"
Y,平值期权,-0.7085801951619142,-0.0509881817714018,0.0719582372179492,0.0528421730068456,-0.9649145534722104,3,20,"(0.9, 0.1)"
ZN,虚值一档,0.2701313722339294,0.0212000862775048,0.078480652218158,0.1049155788925709,0.2020680484374279,3,20,"(0.9, 0.1)"
ZN,平值期权,0.479921353859066,0.0433302134951424,0.0902860711379532,0.1119911136971141,0.3869076042259148,3,20,"(0.9, 0.1)"
A,虚值一档,1.1458973985733008,0.0481294947560578,0.0420015743259226,0.0128565104099529,3.743589296112428,5,20,"(0.9, 0.1)"
A,平值期权,2.0848599704220843,0.1011147046749477,0.0484995184853958,0.0129847153013361,7.78720998715642,5,20,"(0.9, 0.1)"
AG,虚值一档,2.019182569604927,0.0608215309430271,0.0301218581512059,0.008257843993999,7.365303944616258,5,20,"(0.9, 0.1)"
AG,平值期权,1.9077474163365693,0.0652973888701395,0.0342274812226083,0.0098292380875179,6.643179083540601,5,20,"(0.9, 0.1)"
AL,虚值一档,0.6042456320700305,0.0543118878681379,0.0898837906069353,0.0641472951013149,0.8466746381489219,5,20,"(0.9, 0.1)"
AL,平值期权,0.3440032701207811,0.0350436687139583,0.1018701615878662,0.0809893566037587,0.4326947414264552,5,20,"(0.9, 0.1)"
AU,虚值一档,1.6407022421913042,0.0651945006581871,0.0397357296050952,0.0368787953254781,1.7678045088730647,5,20,"(0.9, 0.1)"
AU,平值期权,1.7170864968197652,0.0756799173385796,0.0440746097990679,0.0396269447453528,1.909809545623745,5,20,"(0.9, 0.1)"
B,虚值一档,0.6441655526805171,0.0474820719170276,0.073710976501994,0.0208538095135362,2.27690158415454,5,20,"(0.9, 0.1)"
B,平值期权,0.9092980836494714,0.0775539051022131,0.0852898587347179,0.0271066214672803,2.861068657922796,5,20,"(0.9, 0.1)"
C,虚值一档,1.2190643003177704,0.0423675905529214,0.0347541885541866,0.0248905171453578,1.7021579063825565,5,20,"(0.9, 0.1)"
C,平值期权,1.3304507281271216,0.0549742778356057,0.0413200403993864,0.0291993304593047,1.882723917667346,5,20,"(0.9, 0.1)"
CU,虚值一档,-1.064365072446371,-0.0787932035569015,0.0740283626329457,0.1730161346651785,-0.4554095703812967,5,20,"(0.9, 0.1)"
CU,平值期权,-1.1322415991418415,-0.0969823542862878,0.0856551767394817,0.2110057357763561,-0.4596195166423291,5,20,"(0.9, 0.1)"
I,虚值一档,-0.249663973623874,-0.0420722836207776,0.1685156372787719,0.3622777300241009,-0.1161326798033617,5,20,"(0.9, 0.1)"
I,平值期权,-0.2316364494664349,-0.0420626513212333,0.1815890867699058,0.3814431281452313,-0.1102724055503717,5,20,"(0.9, 0.1)"
L,虚值一档,0.8988401966539655,0.0589416481651728,0.0655752250339825,0.0779681169820112,0.7559711641974356,5,20,"(0.9, 0.1)"
L,平值期权,0.9484530372094004,0.069901751723071,0.0737008043421321,0.0738291108231157,0.9468047352018892,5,20,"(0.9, 0.1)"
M,虚值一档,-1.048565690777128,-0.0878199094186515,0.0837524155053797,0.2366012402097468,-0.3711726504087605,5,20,"(0.9, 0.1)"
M,平值期权,-1.0337744861092055,-0.0976117660255105,0.094422688252725,0.2641726178243261,-0.3694999384471485,5,20,"(0.9, 0.1)"
P,虚值一档,-0.0578238686789352,-0.0095518056445207,0.1651879381775161,0.2100881386553191,-0.0454657064680454,5,20,"(0.9, 0.1)"
P,平值期权,0.0373695948758289,0.0049442073097487,0.1323056170712386,0.1769182148490268,0.0279462875768212,5,20,"(0.9, 0.1)"
PG,虚值一档,0.8183386614148722,0.0949541186008712,0.1160327906745841,0.0897891090555906,1.0575237865661729,5,20,"(0.9, 0.1)"
PG,平值期权,1.2690968218862997,0.1522450572998225,0.119963311446589,0.06927410972167,2.1977194353202623,5,20,"(0.9, 0.1)"
PP,虚值一档,1.4296333358514206,0.1064339065619942,0.0744483944889319,0.0344385074257154,3.090549344845285,5,20,"(0.9, 0.1)"
PP,平值期权,1.3791571913287026,0.1189583412963992,0.0862543748053786,0.0419272806516544,2.8372539179143086,5,20,"(0.9, 0.1)"
RB,虚值一档,0.4547066344830861,0.0195556306491914,0.0430071372752729,0.0174369565485861,1.1215048104697545,5,20,"(0.9, 0.1)"
RB,平值期权,0.3182224901946868,0.0143605615850225,0.045127425079971,0.0173316500305651,0.8285744034582425,5,20,"(0.9, 0.1)"
RU,虚值一档,0.7138924328935217,0.058801700708563,0.0823677321669179,0.0709630876617896,0.8286237626639388,5,20,"(0.9, 0.1)"
RU,平值期权,0.7100118850381173,0.0652373259640377,0.0918820196376507,0.0727737202861761,0.8964407166144287,5,20,"(0.9, 0.1)"
SC,虚值一档,-0.1093395458953389,-0.0152895012611045,0.1398350536021052,0.1348709353901246,-0.1133639446992675,5,20,"(0.9, 0.1)"
SC,平值期权,-0.0301542888789705,-0.00515678969108,0.1710134737973002,0.1475778234221085,-0.0349428496199619,5,20,"(0.9, 0.1)"
V,虚值一档,-0.2073176332087645,-0.0206382626421583,0.0995489979445021,0.1586867757395854,-0.1300566007845983,5,20,"(0.9, 0.1)"
V,平值期权,-0.4661951426944034,-0.0534802060999437,0.1147163520212836,0.2319466651916282,-0.2305711360659564,5,20,"(0.9, 0.1)"
Y,虚值一档,-2.0913052458997208,-0.132939484894883,0.0635677097618955,0.0928254406525478,-1.4321449374259902,5,20,"(0.9, 0.1)"
Y,平值期权,-2.31152946174552,-0.1677807111812259,0.0725842841105424,0.1099691706153861,-1.5257067980264571,5,20,"(0.9, 0.1)"
ZN,虚值一档,-0.3520286627115659,-0.030463996664989,0.0865383984086253,0.1827588135178279,-0.1666896171987751,5,20,"(0.9, 0.1)"
ZN,平值期权,-0.190415021015204,-0.0189056236571979,0.0992864090049305,0.187706593362255,-0.1007190174759179,5,20,"(0.9, 0.1)"
